Ron_ohm,ODT_ohm,trace_length_mm,C_decap_nF,overshoot_pct,undershoot_pct,prop_delay_ps,eye_height_mV,SSN_mV,transition_pp_mV,setup_margin_ps,rise_time_ps,analysis_pass
28.0,120.0,10.0,100.0,0.0,34.5193,68.5716,389.0412,111.2861,285.2357,54.8479,46.5543,0
28.0,120.0,10.0,1000.0,0.0,34.5296,68.5606,389.1449,111.2863,285.2433,54.8434,46.5632,0
28.0,120.0,10.0,220.0,0.0,34.5256,68.5649,389.1041,111.2862,285.2403,54.8452,46.5597,0
28.0,120.0,10.0,2200.0,0.0,34.5302,68.5599,389.1513,111.2863,285.2437,54.8431,46.5637,0
28.0,120.0,10.0,47.0,0.0,34.5065,68.5853,388.9112,111.2859,285.2262,54.8535,46.5431,0
28.0,120.0,10.0,470.0,0.0,34.5283,68.5619,389.1319,111.2862,285.2423,54.844,46.5621,0
28.0,120.0,10.0,4700.0,0.0,34.5305,68.5596,389.154,111.2863,285.2439,54.843,46.564,0
28.0,120.0,10.0,680.0,0.0,34.5291,68.5611,389.1396,111.2863,285.2429,54.8436,46.5627,0
28.0,120.0,15.0,100.0,0.0,28.7158,98.3151,289.2694,109.3916,293.4282,56.946,42.358,0
28.0,120.0,15.0,1000.0,0.0,28.7181,98.3137,289.2968,109.393,293.4361,56.9461,42.3578,0
28.0,120.0,15.0,220.0,0.0,28.7172,98.3142,289.286,109.3925,293.433,56.9461,42.3579,0
28.0,120.0,15.0,2200.0,0.0,28.7182,98.3136,289.2984,109.3931,293.4366,56.9461,42.3578,0
28.0,120.0,15.0,47.0,0.0,28.713,98.3168,289.2351,109.3898,293.4184,56.9459,42.3583,0
28.0,120.0,15.0,470.0,0.0,28.7178,98.3139,289.2933,109.3928,293.4351,56.9461,42.3578,0
28.0,120.0,15.0,4700.0,0.0,28.7183,98.3136,289.2991,109.3931,293.4368,56.9461,42.3578,0
28.0,120.0,15.0,680.0,0.0,28.7179,98.3138,289.2953,109.3929,293.4357,56.9461,42.3578,0
28.0,120.0,20.0,100.0,0.0,31.8243,125.0748,322.6977,138.1926,301.2519,54.2309,47.7882,0
28.0,120.0,20.0,1000.0,0.0,31.8371,125.0641,322.8419,138.1937,301.26,54.228,47.7941,0
28.0,120.0,20.0,220.0,0.0,31.8321,125.0683,322.7851,138.1933,301.2568,54.2291,47.7918,0
28.0,120.0,20.0,2200.0,0.0,31.8379,125.0634,322.8507,138.1937,301.2605,54.2278,47.7945,0
28.0,120.0,20.0,47.0,0.0,31.8083,125.0882,322.5159,138.1913,301.2417,54.2345,47.7809,0
28.0,120.0,20.0,470.0,0.0,31.8355,125.0654,322.8239,138.1935,301.259,54.2283,47.7934,0
28.0,120.0,20.0,4700.0,0.0,31.8382,125.0631,322.8546,138.1938,301.2607,54.2277,47.7946,0
28.0,120.0,20.0,680.0,0.0,31.8364,125.0646,322.8344,138.1937,301.2595,54.2281,47.7938,0
28.0,120.0,25.0,100.0,0.0,32.5941,153.6822,354.3999,125.0056,297.1016,53.97,48.31,0
28.0,120.0,25.0,1000.0,0.0,32.6064,153.6712,354.5203,125.0062,297.1095,53.9658,48.3183,0
28.0,120.0,25.0,220.0,0.0,32.6015,153.6755,354.4729,125.006,297.1064,53.9675,48.315,0
28.0,120.0,25.0,2200.0,0.0,32.6072,153.6706,354.5276,125.0063,297.11,53.9656,48.3188,0
28.0,120.0,25.0,47.0,0.0,32.5786,153.6959,354.2491,125.0047,297.0916,53.9752,48.2996,0
28.0,120.0,25.0,470.0,0.0,32.6049,153.6726,354.5052,125.0062,297.1085,53.9664,48.3173,0
28.0,120.0,25.0,4700.0,0.0,32.6075,153.6703,354.5309,125.0063,297.1102,53.9655,48.319,0
28.0,120.0,25.0,680.0,0.0,32.6058,153.6718,354.514,125.0062,297.1091,53.9661,48.3179,0
28.0,120.0,5.0,100.0,0.0,29.9854,43.4325,285.142,142.7576,292.0785,54.612,47.0259,0
28.0,120.0,5.0,1000.0,0.0,29.9904,43.4271,285.2149,142.7591,292.0866,54.6114,47.0272,0
28.0,120.0,5.0,220.0,0.0,29.9884,43.4292,285.1862,142.7585,292.0834,54.6116,47.0267,0
28.0,120.0,5.0,2200.0,0.0,29.9907,43.4267,285.2193,142.7592,292.0871,54.6113,47.0273,0
28.0,120.0,5.0,47.0,0.0,29.9791,43.4393,285.0508,142.7557,292.0683,54.6129,47.0243,0
28.0,120.0,5.0,470.0,0.0,29.9898,43.4277,285.2058,142.7589,292.0856,54.6115,47.0271,0
28.0,120.0,5.0,4700.0,0.0,29.9909,43.4266,285.2213,142.7592,292.0873,54.6113,47.0273,0
28.0,120.0,5.0,680.0,0.0,29.9902,43.4273,285.2111,142.759,292.0861,54.6114,47.0272,0
28.0,40.0,10.0,100.0,0.0,12.5404,64.3701,316.9269,52.4188,198.7059,55.8942,44.4617,1
28.0,40.0,10.0,1000.0,0.0,12.5496,64.3477,317.0003,52.4194,198.7113,55.889,44.4719,1
28.0,40.0,10.0,220.0,0.0,12.5458,64.3569,316.9702,52.4192,198.7092,55.8912,44.4676,1
28.0,40.0,10.0,2200.0,0.0,12.5502,64.3463,317.0049,52.4194,198.7116,55.8887,44.4726,1
28.0,40.0,10.0,47.0,0.0,12.5317,64.3925,316.8524,52.4181,198.6993,55.8985,44.4529,1
28.0,40.0,10.0,470.0,0.0,12.5484,64.3507,316.9908,52.4193,198.7106,55.8897,44.4705,1
28.0,40.0,10.0,4700.0,0.0,12.5505,64.3457,317.007,52.4194,198.7117,55.8886,44.4729,1
28.0,40.0,10.0,680.0,0.0,12.5491,64.349,316.9964,52.4194,198.711,55.8893,44.4713,1
28.0,40.0,15.0,100.0,0.0,8.7814,93.7744,263.9653,44.0585,200.1531,57.3749,41.5002,1
28.0,40.0,15.0,1000.0,0.0,8.7832,93.7683,263.9954,44.0591,200.1584,57.3751,41.4998,1
28.0,40.0,15.0,220.0,0.0,8.7825,93.7706,263.9838,44.0589,200.1563,57.375,41.5,1
28.0,40.0,15.0,2200.0,0.0,8.7833,93.768,263.9971,44.0592,200.1587,57.3751,41.4998,1
28.0,40.0,15.0,47.0,0.0,8.7792,93.7821,263.9267,44.0578,200.1464,57.3747,41.5006,1
28.0,40.0,15.0,470.0,0.0,8.783,93.7691,263.9917,44.0591,200.1577,57.3751,41.4999,1
28.0,40.0,15.0,4700.0,0.0,8.7834,93.7679,263.9979,44.0592,200.1589,57.3751,41.4998,1
28.0,40.0,15.0,680.0,0.0,8.7831,93.7686,263.9939,44.0591,200.1581,57.3751,41.4999,1
28.0,40.0,20.0,100.0,0.0,8.9511,122.5281,270.6749,73.2243,214.3189,56.4489,43.3522,1
28.0,40.0,20.0,1000.0,0.0,8.9577,122.5173,270.7481,73.2246,214.3246,56.4487,43.3526,1
28.0,40.0,20.0,220.0,0.0,8.9551,122.5216,270.7193,73.2245,214.3224,56.4488,43.3524,1
28.0,40.0,20.0,2200.0,0.0,8.9581,122.5167,270.7524,73.2247,214.3249,56.4487,43.3526,1
28.0,40.0,20.0,47.0,0.0,8.9428,122.5417,270.5829,73.2238,214.3118,56.4491,43.3518,1
28.0,40.0,20.0,470.0,0.0,8.9568,122.5187,270.739,73.2246,214.3239,56.4487,43.3525,1
28.0,40.0,20.0,4700.0,0.0,8.9583,122.5164,270.7544,73.2247,214.3251,56.4487,43.3526,1
28.0,40.0,20.0,680.0,0.0,8.9573,122.5179,270.7443,73.2246,214.3243,56.4487,43.3526,1
28.0,40.0,25.0,100.0,0.0,11.8098,149.6923,301.5707,61.4546,210.1401,53.8078,48.6344,1
28.0,40.0,25.0,1000.0,0.0,11.8163,149.6801,301.6309,61.4547,210.1457,53.806,48.638,1
28.0,40.0,25.0,220.0,0.0,11.8137,149.6849,301.6072,61.4547,210.1435,53.8067,48.6366,1
28.0,40.0,25.0,2200.0,0.0,11.8167,149.6794,301.6346,61.4547,210.1461,53.8059,48.6383,1
28.0,40.0,25.0,47.0,0.0,11.8017,149.7077,301.4947,61.4545,210.1331,53.8101,48.6297,1
28.0,40.0,25.0,470.0,0.0,11.8155,149.6816,301.6234,61.4547,210.145,53.8062,48.6376,1
28.0,40.0,25.0,4700.0,0.0,11.8168,149.679,301.6362,61.4547,210.1462,53.8058,48.6384,1
28.0,40.0,25.0,680.0,0.0,11.8159,149.6807,301.6278,61.4547,210.1454,53.8061,48.6379,1
28.0,40.0,5.0,100.0,0.0,7.8791,40.0184,258.7784,68.5993,207.2579,56.3595,43.5309,1
28.0,40.0,5.0,1000.0,0.0,7.8863,40.0043,258.8549,68.5998,207.2636,56.3575,43.5349,1
28.0,40.0,5.0,220.0,0.0,7.8835,40.0091,258.8291,68.5996,207.2614,56.3586,43.5327,1
28.0,40.0,5.0,2200.0,0.0,7.8868,40.0036,258.8588,68.5998,207.264,56.3574,43.5352,1
28.0,40.0,5.0,47.0,0.0,7.87,40.0708,258.484,73.3171,207.2508,56.3487,43.5525,1
28.0,40.0,5.0,470.0,0.0,7.8854,40.0058,258.8468,68.5998,207.2629,56.3579,43.5342,1
28.0,40.0,5.0,4700.0,0.0,7.887,40.0032,258.8607,68.5999,207.2641,56.3573,43.5354,1
28.0,40.0,5.0,680.0,0.0,7.8859,40.0049,258.8515,68.5998,207.2634,56.3577,43.5346,1
28.0,48.0,10.0,100.0,0.0,16.9155,65.4931,334.6099,63.5474,218.7734,55.6809,44.8883,1
28.0,48.0,10.0,1000.0,0.0,16.9253,65.4756,334.6874,63.5474,218.7792,55.6756,44.8988,1
28.0,48.0,10.0,220.0,0.0,16.9215,65.4824,334.6571,63.5474,218.7769,55.6777,44.8947,1
28.0,48.0,10.0,2200.0,0.0,16.9259,65.4745,334.692,63.5474,218.7796,55.6753,44.8995,1
28.0,48.0,10.0,47.0,0.0,16.9043,65.5135,334.5196,63.5474,218.7661,55.6867,44.8766,1
28.0,48.0,10.0,470.0,0.0,16.9241,65.4777,334.6778,63.5474,218.7785,55.6763,44.8975,1
28.0,48.0,10.0,4700.0,0.0,16.9262,65.4741,334.694,63.5474,218.7797,55.6751,44.8997,1
28.0,48.0,10.0,680.0,0.0,16.9248,65.4765,334.6834,63.5474,218.7789,55.6759,44.8983,1
28.0,48.0,15.0,100.0,0.0,12.7922,94.9996,274.7417,55.3575,220.2608,57.256,41.738,1
28.0,48.0,15.0,1000.0,0.0,12.7941,94.9953,274.7722,55.3583,220.2667,57.256,41.738,1
28.0,48.0,15.0,220.0,0.0,12.7934,94.9969,274.7605,55.358,220.2644,57.256,41.738,1
28.0,48.0,15.0,2200.0,0.0,12.7942,94.995,274.7739,55.3583,220.2671,57.256,41.7379,1
28.0,48.0,15.0,47.0,0.0,12.7898,95.0053,274.7027,55.3566,220.2535,57.2559,41.7381,1
28.0,48.0,15.0,470.0,0.0,12.7939,94.9958,274.7685,55.3582,220.266,57.256,41.738,1
28.0,48.0,15.0,4700.0,0.0,12.7943,94.9949,274.7746,55.3583,220.2672,57.256,41.7379,1
28.0,48.0,15.0,680.0,0.0,12.794,94.9955,274.7706,55.3582,220.2664,57.256,41.738,1
28.0,48.0,20.0,100.0,0.0,13.4185,123.1749,285.6557,82.9868,234.5623,55.9627,44.3247,1
28.0,48.0,20.0,1000.0,0.0,13.4253,123.1641,285.7393,82.9872,234.5685,55.9625,44.325,1
28.0,48.0,20.0,220.0,0.0,13.4226,123.1683,285.7064,82.9871,234.5661,55.9626,44.3249,1
28.0,48.0,20.0,2200.0,0.0,13.4257,123.1635,285.7443,82.9872,234.5689,55.9625,44.325,1
28.0,48.0,20.0,47.0,0.0,13.4099,123.1885,285.5503,86.464,234.5545,55.9629,44.3242,1
28.0,48.0,20.0,470.0,0.0,13.4244,123.1654,285.729,82.9871,234.5677,55.9625,44.325,1
28.0,48.0,20.0,4700.0,0.0,13.4259,123.1632,285.7465,82.9872,234.5691,55.9625,44.3251,1
28.0,48.0,20.0,680.0,0.0,13.4249,123.1647,285.7351,82.9872,234.5682,55.9625,44.325,1
28.0,48.0,25.0,100.0,0.0,16.0586,150.6414,316.3004,73.5905,230.3914,53.7754,48.6991,1
28.0,48.0,25.0,1000.0,0.0,16.0651,150.632,316.3598,73.5906,230.3975,53.7738,48.7024,1
28.0,48.0,25.0,220.0,0.0,16.0625,150.6357,316.3364,73.5906,230.3951,53.7744,48.7011,1
28.0,48.0,25.0,2200.0,0.0,16.0655,150.6315,316.3634,73.5906,230.3979,53.7737,48.7026,1
28.0,48.0,25.0,47.0,0.0,16.0503,150.6533,316.2251,73.5905,230.3837,53.7775,48.695,1
28.0,48.0,25.0,470.0,0.0,16.0643,150.6332,316.3524,73.5906,230.3968,53.774,48.702,1
28.0,48.0,25.0,4700.0,0.0,16.0657,150.6312,316.365,73.5906,230.3981,53.7737,48.7027,1
28.0,48.0,25.0,680.0,0.0,16.0648,150.6325,316.3567,73.5906,230.3972,53.7739,48.7022,1
28.0,48.0,5.0,100.0,0.0,12.1754,40.8952,270.1019,83.6662,221.1773,56.0226,44.2048,1
28.0,48.0,5.0,1000.0,0.0,12.1827,40.8853,270.1694,83.6668,221.1833,56.0202,44.2097,1
28.0,48.0,5.0,220.0,0.0,12.1798,40.8892,270.1429,83.6665,221.181,56.0211,44.2077,1
28.0,48.0,5.0,2200.0,0.0,12.1832,40.8847,270.1734,83.6668,221.1837,56.02,44.2099,1
28.0,48.0,5.0,47.0,0.0,12.1661,40.9192,269.9376,83.6655,221.1696,56.0206,44.2088,1
28.0,48.0,5.0,470.0,0.0,12.1818,40.8865,270.1611,83.6667,221.1826,56.0205,44.209,1
28.0,48.0,5.0,4700.0,0.0,12.1834,40.8845,270.1752,83.6668,221.1839,56.02,44.2101,1
28.0,48.0,5.0,680.0,0.0,12.1824,40.8858,270.166,83.6667,221.183,56.0203,44.2094,1
28.0,60.0,10.0,100.0,0.0,21.9302,66.5337,353.0033,76.6621,240.8596,55.4367,45.3767,1
28.0,60.0,10.0,1000.0,0.0,21.9402,66.5201,353.082,76.6621,240.866,55.4314,45.3871,1
28.0,60.0,10.0,220.0,0.0,21.9362,66.5254,353.0513,76.6621,240.8635,55.4335,45.383,1
28.0,60.0,10.0,2200.0,0.0,21.9408,66.5193,353.0867,76.6621,240.8664,55.4311,45.3878,1
28.0,60.0,10.0,47.0,0.0,21.9176,66.5511,352.9031,76.6621,240.8516,55.4432,45.3636,1
28.0,60.0,10.0,470.0,0.0,21.9389,66.5218,353.0723,76.6621,240.8652,55.4321,45.3858,1
28.0,60.0,10.0,4700.0,0.0,21.941,66.519,353.0887,76.6621,240.8666,55.431,45.3881,1
28.0,60.0,10.0,680.0,0.0,21.9396,66.5208,353.078,76.6621,240.8657,55.4317,45.3866,1
28.0,60.0,15.0,100.0,0.0,17.3476,96.12,283.711,72.275,242.332,57.1321,41.9858,1
28.0,60.0,15.0,1000.0,0.0,17.3496,96.1168,283.743,72.2759,242.3384,57.1322,41.9856,1
28.0,60.0,15.0,220.0,0.0,17.3488,96.118,283.7308,72.2755,242.3359,57.1322,41.9856,1
28.0,60.0,15.0,2200.0,0.0,17.3497,96.1166,283.7448,72.2759,242.3388,57.1322,41.9856,1
28.0,60.0,15.0,47.0,0.0,17.3451,96.1237,283.6733,72.2739,242.3239,57.132,41.986,1
28.0,60.0,15.0,470.0,0.0,17.3493,96.1171,283.7393,72.2758,242.3376,57.1322,41.9856,1
28.0,60.0,15.0,4700.0,0.0,17.3498,96.1165,283.7455,72.276,242.339,57.1322,41.9856,1
28.0,60.0,15.0,680.0,0.0,17.3495,96.1169,283.7415,72.2758,242.3381,57.1322,41.9856,1
28.0,60.0,20.0,100.0,0.0,18.5713,123.8328,300.1131,98.9466,256.5887,55.4329,45.3841,1
28.0,60.0,20.0,1000.0,0.0,18.5782,123.824,300.1982,98.947,256.5955,55.4329,45.3842,1
28.0,60.0,20.0,220.0,0.0,18.5755,123.8274,300.1647,98.9469,256.5928,55.4329,45.3841,1
28.0,60.0,20.0,2200.0,0.0,18.5786,123.8235,300.2034,98.947,256.5959,55.4329,45.3842,1
28.0,60.0,20.0,47.0,0.0,18.5627,123.8438,300.0065,98.9461,256.5801,55.433,45.3841,1
28.0,60.0,20.0,470.0,0.0,18.5773,123.8251,300.1876,98.947,256.5947,55.4329,45.3842,1
28.0,60.0,20.0,4700.0,0.0,18.5788,123.8232,300.2056,98.9471,256.5961,55.4329,45.3842,1
28.0,60.0,20.0,680.0,0.0,18.5778,123.8245,300.1938,98.947,256.5952,55.4329,45.3842,1
28.0,60.0,25.0,100.0,0.0,20.8431,151.6517,330.4515,87.8716,246.0761,53.7644,48.7213,1
28.0,60.0,25.0,1000.0,0.0,20.8498,151.6443,330.5106,87.8718,246.0827,53.7627,48.7246,1
28.0,60.0,25.0,220.0,0.0,20.8472,151.6472,330.4873,87.8717,246.0801,53.7634,48.7233,1
28.0,60.0,25.0,2200.0,0.0,20.8502,151.6439,330.5142,87.8718,246.0831,53.7626,48.7248,1
28.0,60.0,25.0,47.0,0.0,20.8347,151.6611,330.3763,87.8715,246.0679,53.7664,48.7172,1
28.0,60.0,25.0,470.0,0.0,20.849,151.6453,330.5032,87.8717,246.0818,53.7629,48.7241,1
28.0,60.0,25.0,4700.0,0.0,20.8504,151.6437,330.5158,87.8718,246.0833,53.7626,48.7248,1
28.0,60.0,25.0,680.0,0.0,20.8495,151.6447,330.5075,87.8717,246.0823,53.7628,48.7244,1
28.0,60.0,5.0,100.0,0.0,17.1099,41.7895,279.3861,99.6686,242.5906,55.6511,44.9478,1
28.0,60.0,5.0,1000.0,0.0,17.1174,41.7796,279.4704,99.6693,242.5973,55.6487,44.9526,1
28.0,60.0,5.0,220.0,0.0,17.1145,41.7835,279.4372,99.669,242.5947,55.6496,44.9507,1
28.0,60.0,5.0,2200.0,0.0,17.1179,41.779,279.4755,99.6694,242.5977,55.6486,44.9528,1
28.0,60.0,5.0,47.0,0.0,17.1005,41.8019,279.2805,99.6677,242.5822,55.654,44.9419,1
28.0,60.0,5.0,470.0,0.0,17.1165,41.7809,279.4599,99.6692,242.5964,55.649,44.952,1
28.0,60.0,5.0,4700.0,0.0,17.1181,41.7788,279.4778,99.6694,242.5979,55.6485,44.953,1
28.0,60.0,5.0,680.0,0.0,17.117,41.7801,279.466,99.6693,242.5969,55.6488,44.9523,1
28.0,80.0,10.0,100.0,0.0,27.7295,67.5464,371.5237,92.3376,258.4169,55.1598,45.9303,1
28.0,80.0,10.0,1000.0,0.0,27.7396,67.5355,371.6051,92.3376,258.4238,55.1552,45.9396,1
28.0,80.0,10.0,220.0,0.0,27.7356,67.5397,371.5735,92.3376,258.4211,55.157,45.9359,1
28.0,80.0,10.0,2200.0,0.0,27.7402,67.5349,371.6099,92.3376,258.4242,55.1549,45.9402,1
28.0,80.0,10.0,47.0,0.0,27.7168,67.5603,371.4198,92.3376,258.4083,55.1657,45.9187,1
28.0,80.0,10.0,470.0,0.0,27.7383,67.5368,371.5951,92.3376,258.4229,55.1558,45.9384,1
28.0,80.0,10.0,4700.0,0.0,27.7405,67.5346,371.612,92.3376,258.4244,55.1548,45.9404,1
28.0,80.0,10.0,680.0,0.0,27.739,67.5361,371.6009,92.3376,258.4234,55.1554,45.9391,1
28.0,80.0,15.0,100.0,0.0,22.5972,97.2149,289.2572,89.3975,266.6345,57.0448,42.1603,1
28.0,80.0,15.0,1000.0,0.0,22.5994,97.2131,289.2844,89.3985,266.6416,57.045,42.1601,1
28.0,80.0,15.0,220.0,0.0,22.5985,97.2138,289.2739,89.3981,266.6388,57.0449,42.1602,1
28.0,80.0,15.0,2200.0,0.0,22.5995,97.213,289.2857,89.3986,266.642,57.045,42.1601,1
28.0,80.0,15.0,47.0,0.0,22.5946,97.2173,289.2228,89.3963,266.6256,57.0447,42.1606,1
28.0,80.0,15.0,470.0,0.0,22.5991,97.2133,289.2813,89.3984,266.6407,57.0449,42.1601,1
28.0,80.0,15.0,4700.0,0.0,22.5996,97.213,289.2863,89.3986,266.6422,57.045,42.1601,1
28.0,80.0,15.0,680.0,0.0,22.5993,97.2132,289.2832,89.3984,266.6412,57.0449,42.1601,1
28.0,80.0,20.0,100.0,0.0,24.6055,124.4989,312.8531,118.4112,274.5492,54.8722,46.5055,0
28.0,80.0,20.0,1000.0,0.0,24.618,124.4881,312.9772,118.4119,274.5566,54.8695,46.511,0
28.0,80.0,20.0,220.0,0.0,24.6131,124.4924,312.9283,118.4116,274.5537,54.8706,46.5089,0
28.0,80.0,20.0,2200.0,0.0,24.6188,124.4875,312.9847,118.4119,274.557,54.8693,46.5114,0
28.0,80.0,20.0,47.0,0.0,24.5898,124.5125,312.6977,118.4103,274.5401,54.8757,46.4986,0
28.0,80.0,20.0,470.0,0.0,24.6165,124.4895,312.9616,118.4118,274.5556,54.8698,46.5103,0
28.0,80.0,20.0,4700.0,0.0,24.6191,124.4872,312.988,118.4119,274.5572,54.8692,46.5115,0
28.0,80.0,20.0,680.0,0.0,24.6174,124.4887,312.9707,118.4118,274.5562,54.8696,46.5107,0
28.0,80.0,25.0,100.0,0.0,26.2597,152.6928,343.303,104.7982,270.3176,53.8611,48.5278,0
28.0,80.0,25.0,1000.0,0.0,26.2665,152.6855,343.3737,104.7985,270.3249,53.8596,48.5307,0
28.0,80.0,25.0,220.0,0.0,26.2638,152.6884,343.3459,104.7984,270.322,53.8602,48.5296,0
28.0,80.0,25.0,2200.0,0.0,26.2669,152.685,343.378,104.7986,270.3253,53.8595,48.5309,0
28.0,80.0,25.0,47.0,0.0,26.2511,152.7021,343.2131,104.7978,270.3086,53.8629,48.5242,0
28.0,80.0,25.0,470.0,0.0,26.2657,152.6864,343.3649,104.7985,270.324,53.8598,48.5304,0
28.0,80.0,25.0,4700.0,0.0,26.2671,152.6849,343.3799,104.7986,270.3255,53.8595,48.531,0
28.0,80.0,25.0,680.0,0.0,26.2662,152.6859,343.3701,104.7985,270.3245,53.8597,48.5306,0
28.0,80.0,5.0,100.0,0.0,22.954,42.6199,285.4835,118.9887,266.0888,55.19,45.8701,0
28.0,80.0,5.0,1000.0,0.0,22.9588,42.6135,285.5521,118.9898,266.0961,55.1894,45.8713,0
28.0,80.0,5.0,220.0,0.0,22.9569,42.6161,285.5251,118.9894,266.0932,55.1896,45.8708,0
28.0,80.0,5.0,2200.0,0.0,22.9591,42.6132,285.5563,118.9899,266.0966,55.1893,45.8714,0
28.0,80.0,5.0,47.0,0.0,22.9479,42.628,285.3976,118.9873,266.0796,55.1907,45.8685,0
28.0,80.0,5.0,470.0,0.0,22.9582,42.6143,285.5436,118.9897,266.0952,55.1894,45.8711,0
28.0,80.0,5.0,4700.0,0.0,22.9592,42.613,285.5581,118.9899,266.0968,55.1893,45.8714,0
28.0,80.0,5.0,680.0,0.0,22.9586,42.6139,285.5485,118.9898,266.0958,55.1894,45.8712,0
30.0,120.0,10.0,100.0,0.0,31.9943,68.7609,368.5332,108.0413,277.3127,55.1499,45.9501,0
30.0,120.0,10.0,1000.0,0.0,32.004,68.7519,368.6188,108.0414,277.32,55.1456,45.9587,0
30.0,120.0,10.0,220.0,0.0,32.0002,68.7554,368.5854,108.0413,277.3171,55.1473,45.9553,0
30.0,120.0,10.0,2200.0,0.0,32.0046,68.7514,368.6239,108.0414,277.3205,55.1454,45.9592,0
30.0,120.0,10.0,47.0,0.0,31.982,68.7723,368.4245,108.0411,277.3034,55.1553,45.9393,0
30.0,120.0,10.0,470.0,0.0,32.0028,68.7531,368.6081,108.0414,277.3191,55.1462,45.9577,0
30.0,120.0,10.0,4700.0,0.0,32.0049,68.7512,368.6262,108.0414,277.3207,55.1453,45.9595,0
30.0,120.0,10.0,680.0,0.0,32.0035,68.7524,368.6144,108.0414,277.3196,55.1459,45.9583,0
30.0,120.0,15.0,100.0,0.0,27.1148,98.4794,284.473,108.5855,285.2775,56.9206,42.4088,0
30.0,120.0,15.0,1000.0,0.0,27.117,98.478,284.5002,108.5868,285.2851,56.9207,42.4085,0
30.0,120.0,15.0,220.0,0.0,27.1161,98.4786,284.4895,108.5863,285.2821,56.9207,42.4086,0
30.0,120.0,15.0,2200.0,0.0,27.1171,98.4779,284.5018,108.5869,285.2856,56.9207,42.4085,0
30.0,120.0,15.0,47.0,0.0,27.1121,98.4814,284.4365,108.5839,285.2679,56.9205,42.409,0
30.0,120.0,15.0,470.0,0.0,27.1167,98.4782,284.4968,108.5867,285.2841,56.9207,42.4086,0
30.0,120.0,15.0,4700.0,0.0,27.1172,98.4779,284.5025,108.5869,285.2858,56.9207,42.4085,0
30.0,120.0,15.0,680.0,0.0,27.1169,98.4781,284.4988,108.5867,285.2847,56.9207,42.4086,0
30.0,120.0,20.0,100.0,0.0,29.8826,124.7461,319.6041,130.5788,292.8838,54.6063,47.0374,0
30.0,120.0,20.0,1000.0,0.0,29.8921,124.7372,319.7205,130.5797,292.8916,54.6045,47.041,0
30.0,120.0,20.0,220.0,0.0,29.8883,124.7407,319.675,130.5793,292.8885,54.6052,47.0396,0
30.0,120.0,20.0,2200.0,0.0,29.8927,124.7366,319.7275,130.5797,292.8921,54.6044,47.0412,0
30.0,120.0,20.0,47.0,0.0,29.8706,124.7577,319.4532,130.5776,292.8739,54.6085,47.0329,0
30.0,120.0,20.0,470.0,0.0,29.8909,124.7383,319.706,130.5796,292.8907,54.6047,47.0406,0
30.0,120.0,20.0,4700.0,0.0,29.8929,124.7364,319.7305,130.5798,292.8923,54.6043,47.0413,0
30.0,120.0,20.0,680.0,0.0,29.8916,124.7376,319.7144,130.5796,292.8912,54.6046,47.0408,0
30.0,120.0,25.0,100.0,0.0,30.4577,153.5719,340.821,120.898,288.8487,54.3922,47.4656,0
30.0,120.0,25.0,1000.0,0.0,30.4696,153.561,340.9392,120.8987,288.8565,54.3885,47.4731,0
30.0,120.0,25.0,220.0,0.0,30.4649,153.5653,340.8926,120.8984,288.8534,54.3899,47.4701,0
30.0,120.0,25.0,2200.0,0.0,30.4703,153.5603,340.9464,120.8987,288.8569,54.3882,47.4735,0
30.0,120.0,25.0,47.0,0.0,30.4429,153.5855,340.6729,120.8972,288.8391,54.3969,47.4563,0
30.0,120.0,25.0,470.0,0.0,30.4681,153.5623,340.9244,120.8986,288.8555,54.3889,47.4721,0
30.0,120.0,25.0,4700.0,0.0,30.4706,153.56,340.9496,120.8987,288.8571,54.3881,47.4737,0
30.0,120.0,25.0,680.0,0.0,30.469,153.5616,340.933,120.8986,288.8561,54.3887,47.4727,0
30.0,120.0,5.0,100.0,0.0,28.5225,43.2105,285.6105,135.9926,280.1108,54.8375,46.5751,0
30.0,120.0,5.0,1000.0,0.0,28.5274,43.2043,285.6902,135.994,280.1185,54.8368,46.5763,0
30.0,120.0,5.0,220.0,0.0,28.5255,43.2067,285.6588,135.9935,280.1155,54.8371,46.5758,0
30.0,120.0,5.0,2200.0,0.0,28.5276,43.2039,285.695,135.9941,280.119,54.8368,46.5764,0
30.0,120.0,5.0,47.0,0.0,28.5165,43.2183,285.5106,135.991,280.1012,54.8383,46.5735,0
30.0,120.0,5.0,470.0,0.0,28.5268,43.205,285.6802,135.9938,280.1175,54.8369,46.5762,0
30.0,120.0,5.0,4700.0,0.0,28.5278,43.2037,285.6971,135.9941,280.1192,54.8368,46.5764,0
30.0,120.0,5.0,680.0,0.0,28.5271,43.2046,285.686,135.9939,280.1181,54.8369,46.5763,0
30.0,40.0,10.0,100.0,0.0,10.2243,64.5266,303.0155,50.7041,193.1863,56.1245,44.0009,1
30.0,40.0,10.0,1000.0,0.0,10.233,64.5047,303.0875,50.7042,193.1915,56.12,44.01,1
30.0,40.0,10.0,220.0,0.0,10.2293,64.5138,303.0576,50.7042,193.1895,56.1219,44.0061,1
30.0,40.0,10.0,2200.0,0.0,10.2336,64.5034,303.092,50.7042,193.1918,56.1197,44.0106,1
30.0,40.0,10.0,47.0,0.0,10.216,64.549,302.9412,50.704,193.1799,56.1285,43.993,1
30.0,40.0,10.0,470.0,0.0,10.2318,64.5076,303.078,50.7042,193.1909,56.1206,44.0088,1
30.0,40.0,10.0,4700.0,0.0,10.2338,64.5027,303.094,50.7042,193.192,56.1196,44.0109,1
30.0,40.0,10.0,680.0,0.0,10.2325,64.5059,303.0835,50.7042,193.1912,56.1202,44.0095,1
30.0,40.0,15.0,100.0,0.0,7.1262,94.0167,259.017,44.5924,194.5933,57.3545,41.5409,1
30.0,40.0,15.0,1000.0,0.0,7.1279,94.0105,259.0476,44.5929,194.5985,57.3547,41.5406,1
30.0,40.0,15.0,220.0,0.0,7.1272,94.0129,259.0356,44.5927,194.5964,57.3546,41.5407,1
30.0,40.0,15.0,2200.0,0.0,7.128,94.0102,259.0494,44.593,194.5988,57.3547,41.5406,1
30.0,40.0,15.0,47.0,0.0,7.124,94.0248,258.9775,44.5918,194.5867,57.3543,41.5413,1
30.0,40.0,15.0,470.0,0.0,7.1277,94.0112,259.0439,44.5929,194.5978,57.3547,41.5406,1
30.0,40.0,15.0,4700.0,0.0,7.1281,94.01,259.0501,44.593,194.5989,57.3547,41.5406,1
30.0,40.0,15.0,680.0,0.0,7.1278,94.0108,259.0461,44.5929,194.5982,57.3547,41.5406,1
30.0,40.0,20.0,100.0,0.0,7.3466,122.1469,266.9805,65.9414,208.3656,56.5425,43.165,1
30.0,40.0,20.0,1000.0,0.0,7.353,122.1336,267.0582,65.9417,208.3711,56.5423,43.1654,1
30.0,40.0,20.0,220.0,0.0,7.3504,122.1388,267.0276,65.9416,208.3689,56.5424,43.1653,1
30.0,40.0,20.0,2200.0,0.0,7.3533,122.1328,267.0629,65.9417,208.3715,56.5423,43.1655,1
30.0,40.0,20.0,47.0,0.0,7.3386,122.1641,266.8807,65.9411,208.3587,56.5427,43.1646,1
30.0,40.0,20.0,470.0,0.0,7.3522,122.1352,267.0485,65.9416,208.3704,56.5423,43.1654,1
30.0,40.0,20.0,4700.0,0.0,7.3535,122.1324,267.0649,65.9417,208.3716,56.5423,43.1655,1
30.0,40.0,20.0,680.0,0.0,7.3526,122.1343,267.0542,65.9416,208.3708,56.5423,43.1654,1
30.0,40.0,25.0,100.0,0.0,9.6824,149.498,290.9326,59.1962,204.3029,54.3658,47.5184,1
30.0,40.0,25.0,1000.0,0.0,9.6886,149.4858,290.9717,59.1962,204.3083,54.364,47.522,1
30.0,40.0,25.0,220.0,0.0,9.6861,149.4905,290.9686,59.1962,204.3062,54.3647,47.5206,1
30.0,40.0,25.0,2200.0,0.0,9.689,149.485,290.9753,59.1962,204.3087,54.3639,47.5223,1
30.0,40.0,25.0,47.0,0.0,9.6746,149.5135,290.8537,59.196,204.2961,54.368,47.5139,1
30.0,40.0,25.0,470.0,0.0,9.6878,149.4873,290.9843,59.1962,204.3077,54.3642,47.5216,1
30.0,40.0,25.0,4700.0,0.0,9.6891,149.4847,290.9768,59.1962,204.3088,54.3638,47.5223,1
30.0,40.0,25.0,680.0,0.0,9.6883,149.4864,290.9686,59.1963,204.3081,54.3641,47.5219,1
30.0,40.0,5.0,100.0,0.0,6.5252,39.8054,255.8924,67.0559,197.2335,56.4386,43.3729,1
30.0,40.0,5.0,1000.0,0.0,6.5321,39.7702,256.0788,67.0564,197.2389,56.4424,43.3653,1
30.0,40.0,5.0,220.0,0.0,6.5293,39.7761,256.0481,67.0562,197.2367,56.4433,43.3634,1
30.0,40.0,5.0,2200.0,0.0,6.5325,39.7693,256.0835,67.0564,197.2392,56.4422,43.3656,1
30.0,40.0,5.0,47.0,0.0,6.5166,39.8573,255.616,67.0554,197.2267,56.4281,43.3938,1
30.0,40.0,5.0,470.0,0.0,6.5312,39.7721,256.069,67.0563,197.2382,56.4427,43.3647,1
30.0,40.0,5.0,4700.0,0.0,6.5327,39.7689,256.0855,67.0564,197.2393,56.4422,43.3657,1
30.0,40.0,5.0,680.0,0.0,6.5317,39.771,256.0747,67.0563,197.2386,56.4425,43.365,1
30.0,48.0,10.0,100.0,0.0,14.5419,65.6389,319.6555,61.4505,212.6964,55.9021,44.4458,1
30.0,48.0,10.0,1000.0,0.0,14.5513,65.6216,319.7321,61.4505,212.702,55.8974,44.4552,1
30.0,48.0,10.0,220.0,0.0,14.5476,65.6284,319.7021,61.4504,212.6998,55.8993,44.4515,1
30.0,48.0,10.0,2200.0,0.0,14.5518,65.6205,319.7367,61.4504,212.7024,55.8971,44.4557,1
30.0,48.0,10.0,47.0,0.0,14.5301,65.661,319.5581,61.4505,212.6893,55.908,44.434,1
30.0,48.0,10.0,470.0,0.0,14.5501,65.6237,319.7227,61.4504,212.7013,55.898,44.454,1
30.0,48.0,10.0,4700.0,0.0,14.5521,65.6201,319.7388,61.4504,212.7025,55.897,44.456,1
30.0,48.0,10.0,680.0,0.0,14.5508,65.6225,319.7282,61.4505,212.7017,55.8977,44.4547,1
30.0,48.0,15.0,100.0,0.0,11.1161,95.1956,269.6024,59.1749,214.1425,57.2292,41.7916,1
30.0,48.0,15.0,1000.0,0.0,11.118,95.1923,269.6288,59.1754,214.1482,57.2297,41.7907,1
30.0,48.0,15.0,220.0,0.0,11.1173,95.1936,269.6184,59.1751,214.146,57.2295,41.791,1
30.0,48.0,15.0,2200.0,0.0,11.1181,95.1921,269.6303,59.1754,214.1485,57.2297,41.7906,1
30.0,48.0,15.0,47.0,0.0,11.1138,95.2,269.5679,59.1742,214.1353,57.2286,41.7928,1
30.0,48.0,15.0,470.0,0.0,11.1178,95.1927,269.6256,59.1753,214.1475,57.2296,41.7908,1
30.0,48.0,15.0,4700.0,0.0,11.1182,95.1921,269.6309,59.1754,214.1487,57.2297,41.7906,1
30.0,48.0,15.0,680.0,0.0,11.1179,95.1925,269.6275,59.1753,214.1479,57.2296,41.7907,1
30.0,48.0,20.0,100.0,0.0,11.7296,122.8264,281.6256,78.5034,228.0467,56.127,43.996,1
30.0,48.0,20.0,1000.0,0.0,11.7361,122.8157,281.7041,78.5037,228.0527,56.1271,43.9958,1
30.0,48.0,20.0,220.0,0.0,11.7336,122.8199,281.6732,78.5036,228.0503,56.127,43.9959,1
30.0,48.0,20.0,2200.0,0.0,11.7365,122.8151,281.7088,78.5037,228.0531,56.1271,43.9958,1
30.0,48.0,20.0,47.0,0.0,11.7215,122.8403,281.5243,78.5031,228.0391,56.1269,43.9962,1
30.0,48.0,20.0,470.0,0.0,11.7353,122.817,281.6942,78.5036,228.052,56.1271,43.9959,1
30.0,48.0,20.0,4700.0,0.0,11.7367,122.8148,281.7109,78.5037,228.0533,56.1271,43.9958,1
30.0,48.0,20.0,680.0,0.0,11.7358,122.8163,281.7,78.5037,228.0524,56.1271,43.9958,1
30.0,48.0,25.0,100.0,0.0,13.9096,150.4719,305.1828,70.7247,217.7476,54.291,47.668,1
30.0,48.0,25.0,1000.0,0.0,13.916,150.4624,305.2421,70.7242,217.7534,54.2893,47.6713,1
30.0,48.0,25.0,220.0,0.0,13.9135,150.4661,305.2189,70.7244,217.7511,54.29,47.67,1
30.0,48.0,25.0,2200.0,0.0,13.9164,150.4618,305.2457,70.7241,217.7537,54.2893,47.6715,1
30.0,48.0,25.0,47.0,0.0,13.9016,150.484,305.1074,70.7253,217.7403,54.293,47.6639,1
30.0,48.0,25.0,470.0,0.0,13.9152,150.4635,305.2347,70.7242,217.7527,54.2896,47.6709,1
30.0,48.0,25.0,4700.0,0.0,13.9165,150.4615,305.2473,70.7241,217.7539,54.2892,47.6716,1
30.0,48.0,25.0,680.0,0.0,13.9157,150.4629,305.239,70.7242,217.7531,54.2894,47.6711,1
30.0,48.0,5.0,100.0,0.0,10.7845,40.6647,267.5477,79.769,216.3856,56.1221,44.0058,1
30.0,48.0,5.0,1000.0,0.0,10.7915,40.6528,267.6254,79.7695,216.3915,56.1197,44.0105,1
30.0,48.0,5.0,220.0,0.0,10.7888,40.6575,267.5948,79.7693,216.3892,56.1207,44.0087,1
30.0,48.0,5.0,2200.0,0.0,10.792,40.6521,267.63,79.7695,216.3919,56.1196,44.0108,1
30.0,48.0,5.0,47.0,0.0,10.7758,40.7107,267.2439,79.7684,216.3782,56.114,44.0221,1
30.0,48.0,5.0,470.0,0.0,10.7907,40.6543,267.6156,79.7694,216.3908,56.12,44.0099,1
30.0,48.0,5.0,4700.0,0.0,10.7921,40.6518,267.6321,79.7695,216.3921,56.1195,44.0109,1
30.0,48.0,5.0,680.0,0.0,10.7912,40.6535,267.6213,79.7694,216.3912,56.1199,44.0103,1
30.0,60.0,10.0,100.0,0.0,19.4927,66.6889,336.6669,74.2484,234.1691,55.6685,44.9131,1
30.0,60.0,10.0,1000.0,0.0,19.5021,66.6753,336.7451,74.2484,234.1753,55.6639,44.9222,1
30.0,60.0,10.0,220.0,0.0,19.4984,66.6806,336.7146,74.2484,234.1729,55.6657,44.9186,1
30.0,60.0,10.0,2200.0,0.0,19.5027,66.6745,336.7498,74.2484,234.1757,55.6636,44.9228,1
30.0,60.0,10.0,47.0,0.0,19.4808,66.706,336.568,74.2484,234.1613,55.6742,44.9016,1
30.0,60.0,10.0,470.0,0.0,19.5009,66.677,336.7355,74.2484,234.1746,55.6645,44.9211,1
30.0,60.0,10.0,4700.0,0.0,19.503,66.6742,336.7518,74.2484,234.1759,55.6635,44.923,1
30.0,60.0,10.0,680.0,0.0,19.5016,66.676,336.7411,74.2484,234.175,55.6641,44.9217,1
30.0,60.0,15.0,100.0,0.0,15.6667,96.2891,278.5388,72.2751,235.6005,57.1109,42.0283,1
30.0,60.0,15.0,1000.0,0.0,15.6686,96.2866,278.5657,72.2758,235.6068,57.111,42.028,1
30.0,60.0,15.0,220.0,0.0,15.6679,96.2876,278.5551,72.2755,235.6043,57.1109,42.0281,1
30.0,60.0,15.0,2200.0,0.0,15.6687,96.2865,278.5672,72.2758,235.6072,57.111,42.028,1
30.0,60.0,15.0,47.0,0.0,15.6642,96.2925,278.5035,72.2744,235.5927,57.1107,42.0286,1
30.0,60.0,15.0,470.0,0.0,15.6684,96.2869,278.5624,72.2757,235.606,57.111,42.028,1
30.0,60.0,15.0,4700.0,0.0,15.6688,96.2864,278.5678,72.2758,235.6074,57.111,42.028,1
30.0,60.0,15.0,680.0,0.0,15.6685,96.2867,278.5643,72.2757,235.6065,57.111,42.028,1
30.0,60.0,20.0,100.0,0.0,16.8002,123.5168,295.9705,93.6995,249.4612,55.6381,44.9739,1
30.0,60.0,20.0,1000.0,0.0,16.8068,123.5082,296.0505,93.6998,249.4679,55.6378,44.9745,1
30.0,60.0,20.0,220.0,0.0,16.8042,123.5116,296.019,93.6996,249.4652,55.6379,44.9742,1
30.0,60.0,20.0,2200.0,0.0,16.8072,123.5076,296.0553,93.6998,249.4683,55.6377,44.9745,1
30.0,60.0,20.0,47.0,0.0,16.7919,123.5282,295.8664,93.699,249.4529,55.6385,44.9731,1
30.0,60.0,20.0,470.0,0.0,16.8059,123.5092,296.0405,93.6997,249.467,55.6378,44.9744,1
30.0,60.0,20.0,4700.0,0.0,16.8073,123.5074,296.0575,93.6998,249.4685,55.6377,44.9745,1
30.0,60.0,20.0,680.0,0.0,16.8064,123.5086,296.0463,93.6998,249.4675,55.6378,44.9744,1
30.0,60.0,25.0,100.0,0.0,18.6619,151.5106,318.6491,84.8206,239.2407,54.2582,47.7337,1
30.0,60.0,25.0,1000.0,0.0,18.6684,151.5015,318.7181,84.8208,239.247,54.2571,47.7359,1
30.0,60.0,25.0,220.0,0.0,18.6658,151.5052,318.6901,84.8207,239.2445,54.2575,47.7349,1
30.0,60.0,25.0,2200.0,0.0,18.6687,151.5009,318.7224,84.8208,239.2474,54.257,47.736,1
30.0,60.0,25.0,47.0,0.0,18.6539,151.5203,318.5734,84.8202,239.2327,54.2594,47.7311,1
30.0,60.0,25.0,470.0,0.0,18.6676,151.5027,318.7092,84.8207,239.2462,54.2572,47.7356,1
30.0,60.0,25.0,4700.0,0.0,18.6689,151.5007,318.7243,84.8208,239.2476,54.257,47.7361,1
30.0,60.0,25.0,680.0,0.0,18.668,151.502,318.7144,84.8208,239.2467,54.2571,47.7357,1
30.0,60.0,5.0,100.0,0.0,15.6865,41.5526,277.3934,95.0278,237.3131,55.7856,44.6789,1
30.0,60.0,5.0,1000.0,0.0,15.691,41.5452,277.4538,95.0284,237.3196,55.785,44.6801,1
30.0,60.0,5.0,220.0,0.0,15.6893,41.5481,277.4301,95.0281,237.317,55.7852,44.6796,1
30.0,60.0,5.0,2200.0,0.0,15.6913,41.5448,277.4574,95.0284,237.32,55.7849,44.6801,1
30.0,60.0,5.0,47.0,0.0,15.6809,41.5621,277.3157,95.027,237.3049,55.7863,44.6774,1
30.0,60.0,5.0,470.0,0.0,15.6905,41.5462,277.4462,95.0283,237.3188,55.785,44.6799,1
30.0,60.0,5.0,4700.0,0.0,15.6914,41.5446,277.459,95.0284,237.3202,55.7849,44.6802,1
30.0,60.0,5.0,680.0,0.0,15.6908,41.5456,277.4506,95.0284,237.3192,55.785,44.68,1
30.0,80.0,10.0,100.0,0.0,25.2387,67.7147,353.4059,89.5473,257.7716,55.4214,45.4072,1
30.0,80.0,10.0,1000.0,0.0,25.2483,67.7039,353.4871,89.5473,257.7785,55.417,45.416,1
30.0,80.0,10.0,220.0,0.0,25.2446,67.7081,353.4551,89.5473,257.7758,55.4187,45.4125,1
30.0,80.0,10.0,2200.0,0.0,25.2489,67.7032,353.4919,89.5473,257.7789,55.4167,45.4166,1
30.0,80.0,10.0,47.0,0.0,25.2267,67.7284,353.3042,89.5473,257.763,55.427,45.396,1
30.0,80.0,10.0,470.0,0.0,25.2471,67.7052,353.4769,89.5473,257.7776,55.4175,45.4149,1
30.0,80.0,10.0,4700.0,0.0,25.2492,67.7029,353.494,89.5473,257.7791,55.4166,45.4168,1
30.0,80.0,10.0,680.0,0.0,25.2478,67.7044,353.4829,89.5473,257.7781,55.4172,45.4156,1
30.0,80.0,15.0,100.0,0.0,20.9363,97.381,284.1605,89.1138,259.228,57.0184,42.2133,1
30.0,80.0,15.0,1000.0,0.0,20.9383,97.3791,284.1878,89.1147,259.2349,57.0185,42.2131,1
30.0,80.0,15.0,220.0,0.0,20.9375,97.3799,284.1771,89.1144,259.2322,57.0184,42.2132,1
30.0,80.0,15.0,2200.0,0.0,20.9385,97.379,284.1894,89.1147,259.2353,57.0185,42.2131,1
30.0,80.0,15.0,47.0,0.0,20.9337,97.3836,284.1248,89.1128,259.2193,57.0182,42.2136,1
30.0,80.0,15.0,470.0,0.0,20.9381,97.3794,284.1844,89.1146,259.234,57.0184,42.2131,1
30.0,80.0,15.0,4700.0,0.0,20.9385,97.379,284.1901,89.1148,259.2355,57.0185,42.2131,1
30.0,80.0,15.0,680.0,0.0,20.9382,97.3792,284.1863,89.1146,259.2345,57.0185,42.2131,1
30.0,80.0,20.0,100.0,0.0,22.766,124.1514,309.3156,108.2069,266.9229,55.1436,45.9629,0
30.0,80.0,20.0,1000.0,0.0,22.778,124.1388,309.4443,108.2073,266.93,55.1409,45.9683,0
30.0,80.0,20.0,220.0,0.0,22.7732,124.1437,309.3936,108.2072,266.9272,55.1419,45.9661,0
30.0,80.0,20.0,2200.0,0.0,22.7787,124.138,309.4521,108.2073,266.9304,55.1407,45.9686,0
30.0,80.0,20.0,47.0,0.0,22.7509,124.1677,309.1496,108.2063,266.9139,55.1469,45.9561,0
30.0,80.0,20.0,470.0,0.0,22.7765,124.1403,309.4282,108.2073,266.9291,55.1412,45.9676,0
30.0,80.0,20.0,4700.0,0.0,22.779,124.1377,309.4556,108.2074,266.9306,55.1406,45.9687,0
30.0,80.0,20.0,680.0,0.0,22.7773,124.1394,309.4376,108.2073,266.9296,55.141,45.968,0
30.0,80.0,25.0,100.0,0.0,24.0976,152.544,330.9295,101.2586,262.8088,54.3126,47.6248,0
30.0,80.0,25.0,1000.0,0.0,24.1043,152.5363,331.0026,101.2589,262.8158,54.3111,47.6277,0
30.0,80.0,25.0,220.0,0.0,24.1017,152.5392,330.975,101.2588,262.8131,54.3117,47.6266,0
30.0,80.0,25.0,2200.0,0.0,24.1047,152.5358,331.0069,101.259,262.8163,54.3111,47.6279,0
30.0,80.0,25.0,47.0,0.0,24.0893,152.5549,330.8285,101.2582,262.8,54.3144,47.6213,0
30.0,80.0,25.0,470.0,0.0,24.1034,152.5372,330.9938,101.2589,262.815,54.3113,47.6274,0
30.0,80.0,25.0,4700.0,0.0,24.1049,152.5356,331.0088,101.259,262.8165,54.311,47.628,0
30.0,80.0,25.0,680.0,0.0,24.1039,152.5367,330.9989,101.2589,262.8155,54.3112,47.6276,0
30.0,80.0,5.0,100.0,0.0,21.513,42.3978,284.293,113.3924,260.2689,55.3553,45.5393,0
30.0,80.0,5.0,1000.0,0.0,21.5177,42.3915,284.3579,113.3933,260.276,55.3547,45.5405,0
30.0,80.0,5.0,220.0,0.0,21.5158,42.394,284.3323,113.3929,260.2732,55.355,45.5401,0
30.0,80.0,5.0,2200.0,0.0,21.5179,42.3911,284.3618,113.3934,260.2765,55.3547,45.5406,0
30.0,80.0,5.0,47.0,0.0,21.5072,42.4058,284.2116,113.3912,260.2599,55.3561,45.5378,0
30.0,80.0,5.0,470.0,0.0,21.5171,42.3923,284.3497,113.3932,260.2751,55.3548,45.5404,0
30.0,80.0,5.0,4700.0,0.0,21.5181,42.391,284.3636,113.3934,260.2767,55.3547,45.5407,0
30.0,80.0,5.0,680.0,0.0,21.5174,42.3918,284.3545,113.3933,260.2757,55.3548,45.5405,0
34.0,120.0,10.0,100.0,0.0,27.4693,69.0434,333.0002,102.0866,268.891,55.6098,45.0304,0
34.0,120.0,10.0,1000.0,0.0,27.4736,69.0387,333.0486,102.0868,268.8981,55.6088,45.0325,0
34.0,120.0,10.0,220.0,0.0,27.4719,69.0405,333.0297,102.0867,268.8953,55.6092,45.0316,0
34.0,120.0,10.0,2200.0,0.0,27.4739,69.0384,333.0515,102.0868,268.8986,55.6087,45.0326,0
34.0,120.0,10.0,47.0,0.0,27.4639,69.0495,332.9392,102.0865,268.882,55.6111,45.0278,0
34.0,120.0,10.0,470.0,0.0,27.4731,69.0393,333.0427,102.0867,268.8973,55.6089,45.0322,0
34.0,120.0,10.0,4700.0,0.0,27.474,69.0383,333.0527,102.0868,268.8988,55.6087,45.0326,0
34.0,120.0,10.0,680.0,0.0,27.4734,69.0389,333.0461,102.0868,268.8978,55.6088,45.0324,0
34.0,120.0,15.0,100.0,0.0,24.5471,98.4901,278.107,106.8464,270.2629,56.6862,42.8775,0
34.0,120.0,15.0,1000.0,0.0,24.5513,98.4856,278.1626,106.8474,270.2701,56.6854,42.8792,0
34.0,120.0,15.0,220.0,0.0,24.5496,98.4874,278.1407,106.847,270.2672,56.6857,42.8786,0
34.0,120.0,15.0,2200.0,0.0,24.5515,98.4853,278.166,106.8474,270.2705,56.6853,42.8793,0
34.0,120.0,15.0,47.0,0.0,24.5418,98.4958,278.0373,106.8451,270.2538,56.6873,42.8755,0
34.0,120.0,15.0,470.0,0.0,24.5507,98.4861,278.1556,106.8473,270.2692,56.6855,42.879,0
34.0,120.0,15.0,4700.0,0.0,24.5516,98.4852,278.1674,106.8475,270.2707,56.6853,42.8794,0
34.0,120.0,15.0,680.0,0.0,24.551,98.4858,278.1597,106.8473,270.2697,56.6854,42.8791,0
34.0,120.0,20.0,100.0,0.0,26.2904,124.1121,312.165,112.9896,271.6669,55.2535,45.743,0
34.0,120.0,20.0,1000.0,0.0,26.2992,124.1015,312.2826,112.9901,271.6741,55.252,45.746,0
34.0,120.0,20.0,220.0,0.0,26.2957,124.1057,312.2363,112.9899,271.6713,55.2526,45.7448,0
34.0,120.0,20.0,2200.0,0.0,26.2997,124.1008,312.2897,112.9901,271.6746,55.2519,45.7462,0
34.0,120.0,20.0,47.0,0.0,26.2793,124.1255,312.0175,112.9889,271.6578,55.2554,45.7393,0
34.0,120.0,20.0,470.0,0.0,26.2981,124.1028,312.2679,112.99,271.6732,55.2522,45.7456,0
34.0,120.0,20.0,4700.0,0.0,26.3,124.1006,312.2927,112.9901,271.6748,55.2519,45.7463,0
34.0,120.0,20.0,680.0,0.0,26.2987,124.102,312.2765,112.9901,271.6737,55.2521,45.7459,0
34.0,120.0,25.0,100.0,0.0,26.5756,153.3286,316.6083,113.4265,273.6462,55.1188,46.0124,0
34.0,120.0,25.0,1000.0,0.0,26.5865,153.318,316.7217,113.4271,273.6535,55.1151,46.0198,0
34.0,120.0,25.0,220.0,0.0,26.5822,153.3222,316.677,113.4269,273.6506,55.1165,46.0169,0
34.0,120.0,25.0,2200.0,0.0,26.5872,153.3173,316.7285,113.4272,273.6539,55.1149,46.0203,0
34.0,120.0,25.0,47.0,0.0,26.5619,153.3419,316.4662,113.4257,273.637,55.1234,46.0032,0
34.0,120.0,25.0,470.0,0.0,26.5852,153.3193,316.7075,113.427,273.6526,55.1156,46.0189,0
34.0,120.0,25.0,4700.0,0.0,26.5875,153.317,316.7316,113.4272,273.6541,55.1148,46.0205,0
34.0,120.0,25.0,680.0,0.0,26.586,153.3185,316.7157,113.4271,273.6531,55.1153,46.0194,0
34.0,120.0,5.0,100.0,0.0,25.6871,42.7719,284.5926,120.6309,268.1226,55.2699,45.7102,0
34.0,120.0,5.0,1000.0,0.0,25.6915,42.7658,284.6611,120.6318,268.1299,55.2694,45.7112,0
34.0,120.0,5.0,220.0,0.0,25.6897,42.7682,284.6341,120.6315,268.127,55.2696,45.7108,0
34.0,120.0,5.0,2200.0,0.0,25.6917,42.7655,284.6652,120.6319,268.1303,55.2694,45.7112,0
34.0,120.0,5.0,47.0,0.0,25.6816,42.7795,284.5068,120.6298,268.1134,55.2705,45.709,0
34.0,120.0,5.0,470.0,0.0,25.6909,42.7666,284.6525,120.6317,268.129,55.2695,45.711,0
34.0,120.0,5.0,4700.0,0.0,25.6919,42.7653,284.6671,120.6319,268.1305,55.2694,45.7112,0
34.0,120.0,5.0,680.0,0.0,25.6913,42.7662,284.6575,120.6318,268.1295,55.2694,45.7111,0
34.0,40.0,10.0,100.0,0.0,6.0927,64.7487,278.7265,47.348,183.0186,56.4572,43.3356,1
34.0,40.0,10.0,1000.0,0.0,6.101,64.7263,278.8,47.3479,183.0235,56.4528,43.3444,1
34.0,40.0,10.0,220.0,0.0,6.0977,64.7352,278.7709,47.3479,183.0216,56.4545,43.3409,1
34.0,40.0,10.0,2200.0,0.0,6.1015,64.725,278.8045,47.3479,183.0238,56.4525,43.3449,1
34.0,40.0,10.0,47.0,0.0,6.085,64.7708,278.6533,47.3479,183.0125,56.4608,43.3285,1
34.0,40.0,10.0,470.0,0.0,6.1,64.7291,278.7908,47.3479,183.0229,56.4534,43.3433,1
34.0,40.0,10.0,4700.0,0.0,6.1018,64.7244,278.8064,47.3479,183.024,56.4524,43.3452,1
34.0,40.0,10.0,680.0,0.0,6.1006,64.7275,278.7962,47.3479,183.0233,56.453,43.3439,1
34.0,40.0,15.0,100.0,0.0,4.0804,94.4233,249.5515,48.8497,190.243,57.3154,41.6192,1
34.0,40.0,15.0,1000.0,0.0,4.0821,94.4179,249.5822,48.8514,190.2481,57.3155,41.6189,1
34.0,40.0,15.0,220.0,0.0,4.0814,94.42,249.5701,48.8513,190.2461,57.3155,41.619,1
34.0,40.0,15.0,2200.0,0.0,4.0822,94.4175,249.5841,48.8511,190.2484,57.3156,41.6189,1
34.0,40.0,15.0,47.0,0.0,4.0783,94.4301,249.5132,48.8448,190.2367,57.3152,41.6196,1
34.0,40.0,15.0,470.0,0.0,4.0819,94.4185,249.5784,48.8515,190.2475,57.3155,41.619,1
34.0,40.0,15.0,4700.0,0.0,4.0822,94.4174,249.5849,48.851,190.2485,57.3156,41.6189,1
34.0,40.0,15.0,680.0,0.0,4.082,94.4181,249.5806,48.8516,190.2478,57.3155,41.6189,1
34.0,40.0,20.0,100.0,0.0,4.4123,121.3931,259.2365,58.7018,191.5833,56.6826,42.8847,1
34.0,40.0,20.0,1000.0,0.0,4.4182,121.3841,259.2338,59.0136,191.5884,56.6822,42.8856,1
34.0,40.0,20.0,220.0,0.0,4.4159,121.3843,259.2785,58.7019,191.5863,56.6824,42.8853,1
34.0,40.0,20.0,2200.0,0.0,4.4186,121.3833,259.2169,59.0142,191.5887,56.6822,42.8857,1
34.0,40.0,20.0,47.0,0.0,4.4048,121.4149,259.0831,58.9701,191.5769,56.6832,42.8835,1
34.0,40.0,20.0,470.0,0.0,4.4175,121.3859,259.2251,59.0125,191.5877,56.6822,42.8855,1
34.0,40.0,20.0,4700.0,0.0,4.4188,121.3829,259.2188,59.0144,191.5888,56.6821,42.8857,1
34.0,40.0,20.0,680.0,0.0,4.4179,121.3849,259.2301,59.0131,191.5881,56.6822,42.8856,1
34.0,40.0,25.0,100.0,0.0,5.8256,149.1334,271.737,51.4854,187.6808,55.3327,45.5846,1
34.0,40.0,25.0,1000.0,0.0,5.8315,149.1209,271.7904,51.4854,187.6859,55.331,45.588,1
34.0,40.0,25.0,220.0,0.0,5.8292,149.1257,271.7695,51.4854,187.6839,55.3317,45.5866,1
34.0,40.0,25.0,2200.0,0.0,5.8319,149.1201,271.7935,51.4854,187.6861,55.3309,45.5882,1
34.0,40.0,25.0,47.0,0.0,5.8183,149.1497,271.668,51.4854,187.6746,55.3349,45.5803,1
34.0,40.0,25.0,470.0,0.0,5.8308,149.1224,271.7838,51.4854,187.6852,55.3312,45.5876,1
34.0,40.0,25.0,4700.0,0.0,5.832,149.1198,271.7949,51.4854,187.6863,55.3309,45.5883,1
34.0,40.0,25.0,680.0,0.0,5.8312,149.1215,271.7876,51.4854,187.6856,55.3311,45.5878,1
34.0,40.0,5.0,100.0,0.0,3.9629,39.3651,249.9671,61.1066,189.025,56.5877,43.0746,1
34.0,40.0,5.0,1000.0,0.0,3.9691,39.3186,250.1943,61.1068,189.0301,56.5963,43.0573,1
34.0,40.0,5.0,220.0,0.0,3.9667,39.3364,250.1072,61.1067,189.0281,56.5931,43.0638,1
34.0,40.0,5.0,2200.0,0.0,3.9695,39.3177,250.1985,61.1068,189.0304,56.5962,43.0576,1
34.0,40.0,5.0,47.0,0.0,3.9551,39.4244,249.6777,61.1062,189.0186,56.5766,43.0969,1
34.0,40.0,5.0,470.0,0.0,3.9683,39.3237,250.1693,61.1068,189.0295,56.5955,43.0591,1
34.0,40.0,5.0,4700.0,0.0,3.9697,39.3173,250.2003,61.1068,189.0306,56.5962,43.0577,1
34.0,40.0,5.0,680.0,0.0,3.9688,39.3203,250.1861,61.1068,189.0299,56.5961,43.0578,1
34.0,48.0,10.0,100.0,0.0,10.2885,65.8373,293.577,57.6372,201.5018,56.2512,43.7476,1
34.0,48.0,10.0,1000.0,0.0,10.2971,65.8201,293.6518,57.6372,201.5072,56.247,43.7559,1
34.0,48.0,10.0,220.0,0.0,10.2937,65.8269,293.6224,57.6372,201.5051,56.2487,43.7527,1
34.0,48.0,10.0,2200.0,0.0,10.2976,65.8191,293.6563,57.6372,201.5075,56.2468,43.7564,1
34.0,48.0,10.0,47.0,0.0,10.2778,65.859,293.4823,57.6372,201.4951,56.2564,43.7372,1
34.0,48.0,10.0,470.0,0.0,10.296,65.8223,293.6425,57.6372,201.5065,56.2475,43.7549,1
34.0,48.0,10.0,4700.0,0.0,10.2978,65.8187,293.6583,57.6372,201.5077,56.2467,43.7567,1
34.0,48.0,10.0,680.0,0.0,10.2966,65.821,293.6479,57.6372,201.5069,56.2472,43.7555,1
34.0,48.0,15.0,100.0,0.0,8.0192,95.5351,259.805,59.4791,208.8483,57.1998,41.8503,1
34.0,48.0,15.0,1000.0,0.0,8.021,95.5315,259.8325,59.4795,208.8538,57.2,41.85,1
34.0,48.0,15.0,220.0,0.0,8.0203,95.5329,259.8216,59.4793,208.8516,57.1999,41.8501,1
34.0,48.0,15.0,2200.0,0.0,8.0211,95.5313,259.8341,59.4795,208.8542,57.2,41.8499,1
34.0,48.0,15.0,47.0,0.0,8.017,95.54,259.769,59.4786,208.8413,57.1996,41.8508,1
34.0,48.0,15.0,470.0,0.0,8.0207,95.532,259.8291,59.4794,208.8531,57.2,41.85,1
34.0,48.0,15.0,4700.0,0.0,8.0211,95.5312,259.8348,59.4795,208.8543,57.2,41.8499,1
34.0,48.0,15.0,680.0,0.0,8.0209,95.5317,259.8311,59.4795,208.8535,57.2,41.85,1
34.0,48.0,20.0,100.0,0.0,8.6474,122.1273,273.3642,66.8878,210.225,56.3494,43.5513,1
34.0,48.0,20.0,1000.0,0.0,8.656,122.1107,273.4606,66.8879,210.2306,56.3474,43.5552,1
34.0,48.0,20.0,220.0,0.0,8.6518,122.1182,273.4178,66.8879,210.2284,56.3486,43.5527,1
34.0,48.0,20.0,2200.0,0.0,8.6567,122.1096,273.467,66.8879,210.2309,56.3472,43.5556,1
34.0,48.0,20.0,47.0,0.0,8.6398,122.1523,273.2211,66.8877,210.218,56.3469,43.5562,1
34.0,48.0,20.0,470.0,0.0,8.6547,122.1131,273.4471,66.8879,210.2299,56.3478,43.5544,1
34.0,48.0,20.0,4700.0,0.0,8.657,122.1091,273.4701,66.8879,210.2311,56.3471,43.5558,1
34.0,48.0,20.0,680.0,0.0,8.6554,122.1117,273.455,66.8879,210.2303,56.3476,43.5548,1
34.0,48.0,25.0,100.0,0.0,9.9465,150.1614,284.9815,62.5423,206.2872,55.241,45.768,1
34.0,48.0,25.0,1000.0,0.0,9.9524,150.1489,285.0488,62.5421,206.2927,55.2395,45.771,1
34.0,48.0,25.0,220.0,0.0,9.9501,150.1537,285.0227,62.5422,206.2905,55.2401,45.7698,1
34.0,48.0,25.0,2200.0,0.0,9.9528,150.1481,285.0528,62.5421,206.293,55.2394,45.7711,1
34.0,48.0,25.0,47.0,0.0,9.939,150.1777,284.8952,62.5426,206.2803,55.2429,45.7642,1
34.0,48.0,25.0,470.0,0.0,9.9517,150.1504,285.0405,62.5421,206.292,55.2397,45.7706,1
34.0,48.0,25.0,4700.0,0.0,9.953,150.1478,285.0545,62.5421,206.2932,55.2394,45.7712,1
34.0,48.0,25.0,680.0,0.0,9.9521,150.1495,285.0453,62.5421,206.2924,55.2396,45.7708,1
34.0,48.0,5.0,100.0,0.0,8.133,40.2694,261.6296,72.7882,207.3566,56.3173,43.6154,1
34.0,48.0,5.0,1000.0,0.0,8.1394,40.2482,261.7576,72.7885,207.3622,56.3191,43.6118,1
34.0,48.0,5.0,220.0,0.0,8.1369,40.2527,261.7303,72.7884,207.36,56.3199,43.6102,1
34.0,48.0,5.0,2200.0,0.0,8.1398,40.2475,261.7618,72.7885,207.3626,56.319,43.612,1
34.0,48.0,5.0,47.0,0.0,8.1251,40.3168,261.3415,72.7878,207.3496,56.307,43.6361,1
34.0,48.0,5.0,470.0,0.0,8.1386,40.2496,261.7491,72.7884,207.3615,56.3194,43.6113,1
34.0,48.0,5.0,4700.0,0.0,8.1399,40.2472,261.7636,72.7885,207.3627,56.3189,43.6121,1
34.0,48.0,5.0,680.0,0.0,8.139,40.2488,261.7541,72.7885,207.362,56.3192,43.6116,1
34.0,60.0,10.0,100.0,0.0,15.1288,66.9005,308.251,69.8445,221.8445,56.0322,44.1856,1
34.0,60.0,10.0,1000.0,0.0,15.1374,66.8871,308.3274,69.8445,221.8504,56.0282,44.1936,1
34.0,60.0,10.0,220.0,0.0,15.134,66.8923,308.2975,69.8445,221.8481,56.0298,44.1905,1
34.0,60.0,10.0,2200.0,0.0,15.1379,66.8863,308.332,69.8445,221.8508,56.0279,44.1941,1
34.0,60.0,10.0,47.0,0.0,15.1179,66.9174,308.1546,69.8446,221.8371,56.0372,44.1756,1
34.0,60.0,10.0,470.0,0.0,15.1363,66.8888,308.3179,69.8445,221.8497,56.0287,44.1926,1
34.0,60.0,10.0,4700.0,0.0,15.1382,66.8859,308.3341,69.8445,221.8509,56.0278,44.1943,1
34.0,60.0,10.0,680.0,0.0,15.137,66.8878,308.3234,69.8445,221.8501,56.0284,44.1932,1
34.0,60.0,15.0,100.0,0.0,12.5473,96.5925,268.7345,72.2835,229.2005,57.0572,42.1356,1
34.0,60.0,15.0,1000.0,0.0,12.5491,96.5898,268.7619,72.2838,229.2066,57.0574,42.1352,1
34.0,60.0,15.0,220.0,0.0,12.5484,96.5909,268.7511,72.2837,229.2042,57.0573,42.1353,1
34.0,60.0,15.0,2200.0,0.0,12.5492,96.5897,268.7635,72.2838,229.207,57.0574,42.1352,1
34.0,60.0,15.0,47.0,0.0,12.545,96.5963,268.6975,72.2831,229.1929,57.057,42.136,1
34.0,60.0,15.0,470.0,0.0,12.5489,96.5901,268.7585,72.2838,229.2058,57.0574,42.1352,1
34.0,60.0,15.0,4700.0,0.0,12.5493,96.5896,268.7642,72.2838,229.2071,57.0574,42.1352,1
34.0,60.0,15.0,680.0,0.0,12.549,96.5899,268.7605,72.2838,229.2063,57.0574,42.1352,1
34.0,60.0,20.0,100.0,0.0,13.5868,122.7954,287.8306,80.6143,230.5667,55.9781,44.2939,1
34.0,60.0,20.0,1000.0,0.0,13.5976,122.7801,287.9423,80.6144,230.5729,55.9751,44.2997,1
34.0,60.0,20.0,220.0,0.0,13.5934,122.7861,287.8985,80.6144,230.5705,55.9763,44.2974,1
34.0,60.0,20.0,2200.0,0.0,13.5983,122.7792,287.949,80.6144,230.5732,55.975,44.3001,1
34.0,60.0,20.0,47.0,0.0,13.5733,122.8284,287.5995,80.6141,230.559,55.9755,44.2989,1
34.0,60.0,20.0,470.0,0.0,13.5963,122.782,287.9286,80.6144,230.5721,55.9755,44.299,1
34.0,60.0,20.0,4700.0,0.0,13.5986,122.7788,287.9519,80.6144,230.5734,55.9749,44.3002,1
34.0,60.0,20.0,680.0,0.0,13.5971,122.7809,287.9366,80.6144,230.5726,55.9753,44.2994,1
34.0,60.0,25.0,100.0,0.0,14.677,151.2013,297.6002,79.3308,226.649,55.1424,45.9651,1
34.0,60.0,25.0,1000.0,0.0,14.683,151.1909,297.6758,79.3309,226.6551,55.141,45.968,1
34.0,60.0,25.0,220.0,0.0,14.6807,151.1948,297.6469,79.3309,226.6527,55.1416,45.9669,1
34.0,60.0,25.0,2200.0,0.0,14.6834,151.1903,297.6801,79.3309,226.6555,55.1409,45.9682,1
34.0,60.0,25.0,47.0,0.0,14.672,151.2227,297.4875,79.3498,226.6415,55.1035,46.0429,1
34.0,60.0,25.0,470.0,0.0,14.6823,151.1921,297.667,79.3309,226.6543,55.1412,45.9677,1
34.0,60.0,25.0,4700.0,0.0,14.6836,151.19,297.6819,79.3309,226.6556,55.1409,45.9683,1
34.0,60.0,25.0,680.0,0.0,14.6827,151.1914,297.6721,79.3309,226.6548,55.1411,45.9679,1
34.0,60.0,5.0,100.0,0.0,12.9925,41.1529,272.1638,86.7245,221.7575,56.0092,44.2316,1
34.0,60.0,5.0,1000.0,0.0,12.9966,41.1456,272.219,86.7249,221.7635,56.0088,44.2325,1
34.0,60.0,5.0,220.0,0.0,12.995,41.1485,272.1973,86.7248,221.7611,56.0089,44.2321,1
34.0,60.0,5.0,2200.0,0.0,12.9968,41.1451,272.2223,86.725,221.7639,56.0087,44.2325,1
34.0,60.0,5.0,47.0,0.0,12.9873,41.1621,272.0946,86.724,221.7499,56.0098,44.2305,1
34.0,60.0,5.0,470.0,0.0,12.9961,41.1465,272.2121,86.7249,221.7627,56.0088,44.2324,1
34.0,60.0,5.0,4700.0,0.0,12.9969,41.1449,272.2238,86.725,221.764,56.0087,44.2326,1
34.0,60.0,5.0,680.0,0.0,12.9964,41.146,272.2161,86.7249,221.7632,56.0088,44.2324,1
34.0,80.0,10.0,100.0,0.0,20.7728,67.964,321.8792,84.4408,244.205,55.8196,44.6108,1
34.0,80.0,10.0,1000.0,0.0,20.7815,67.9533,321.9582,84.4408,244.2115,55.8157,44.6185,1
34.0,80.0,10.0,220.0,0.0,20.7781,67.9574,321.9274,84.4408,244.209,55.8173,44.6155,1
34.0,80.0,10.0,2200.0,0.0,20.7821,67.9526,321.9629,84.4408,244.2119,55.8155,44.619,1
34.0,80.0,10.0,47.0,0.0,20.7617,67.9775,321.7796,84.4408,244.1969,55.8244,44.6012,1
34.0,80.0,10.0,470.0,0.0,20.7804,67.9546,321.9484,84.4409,244.2107,55.8162,44.6175,1
34.0,80.0,10.0,4700.0,0.0,20.7823,67.9523,321.965,84.4409,244.2121,55.8154,44.6192,1
34.0,80.0,10.0,680.0,0.0,20.7811,67.9538,321.9541,84.4408,244.2112,55.8159,44.6181,1
34.0,80.0,15.0,100.0,0.0,17.8502,97.6902,274.4443,88.3299,251.5475,56.9667,42.3166,1
34.0,80.0,15.0,1000.0,0.0,17.8542,97.6857,274.4908,88.3305,251.5543,56.9658,42.3183,1
34.0,80.0,15.0,220.0,0.0,17.8526,97.6875,274.4724,88.3302,251.5516,56.9662,42.3176,1
34.0,80.0,15.0,2200.0,0.0,17.8544,97.6854,274.4936,88.3305,251.5547,56.9658,42.3184,1
34.0,80.0,15.0,47.0,0.0,17.8451,97.6959,274.3862,88.3291,251.5391,56.9678,42.3144,1
34.0,80.0,15.0,470.0,0.0,17.8537,97.6863,274.485,88.3304,251.5534,56.966,42.3181,1
34.0,80.0,15.0,4700.0,0.0,17.8545,97.6853,274.4948,88.3305,251.5549,56.9658,42.3185,1
34.0,80.0,15.0,680.0,0.0,17.854,97.6859,274.4883,88.3305,251.5539,56.9659,42.3182,1
34.0,80.0,20.0,100.0,0.0,19.3712,123.4857,301.1035,97.1697,252.8743,55.6022,45.0457,1
34.0,80.0,20.0,1000.0,0.0,19.3798,123.475,301.2044,97.1701,252.881,55.6006,45.0489,1
34.0,80.0,20.0,220.0,0.0,19.3764,123.4792,301.1648,97.1699,252.8784,55.6012,45.0476,1
34.0,80.0,20.0,2200.0,0.0,19.3803,123.4743,301.2103,97.1701,252.8814,55.6005,45.0491,1
34.0,80.0,20.0,47.0,0.0,19.3604,123.5015,300.9588,97.1694,252.8658,55.6031,45.0438,1
34.0,80.0,20.0,470.0,0.0,19.3787,123.4763,301.1919,97.17,252.8802,55.6008,45.0485,1
34.0,80.0,20.0,4700.0,0.0,19.3806,123.4741,301.2129,97.1701,252.8816,55.6004,45.0492,1
34.0,80.0,20.0,680.0,0.0,19.3794,123.4755,301.1993,97.17,252.8807,55.6006,45.0487,1
34.0,80.0,25.0,100.0,0.0,20.1441,152.2571,308.6321,94.8324,248.9768,55.0945,46.0609,1
34.0,80.0,25.0,1000.0,0.0,20.1503,152.2485,308.7101,94.8327,248.9834,55.0932,46.0636,1
34.0,80.0,25.0,220.0,0.0,20.1478,152.2519,308.6794,94.8325,248.9808,55.0937,46.0626,1
34.0,80.0,25.0,2200.0,0.0,20.1507,152.248,308.7148,94.8327,248.9838,55.0931,46.0638,1
34.0,80.0,25.0,47.0,0.0,20.1363,152.2679,308.5344,94.832,248.9685,55.0962,46.0576,1
34.0,80.0,25.0,470.0,0.0,20.1495,152.2496,308.7003,94.8326,248.9826,55.0934,46.0633,1
34.0,80.0,25.0,4700.0,0.0,20.1508,152.2478,308.7169,94.8327,248.984,55.0931,46.0639,1
34.0,80.0,25.0,680.0,0.0,20.15,152.249,308.706,94.8326,248.9831,55.0933,46.0635,1
34.0,80.0,5.0,100.0,0.0,18.7508,41.9778,280.5692,97.1042,243.7622,55.6594,44.9312,1
34.0,80.0,5.0,1000.0,0.0,18.7551,41.9705,280.6348,97.1047,243.7688,55.6589,44.9321,1
34.0,80.0,5.0,220.0,0.0,18.7534,41.9734,280.609,97.1045,243.7662,55.6591,44.9317,1
34.0,80.0,5.0,2200.0,0.0,18.7553,41.9701,280.6388,97.1047,243.7692,55.6589,44.9322,1
34.0,80.0,5.0,47.0,0.0,18.7454,41.987,280.4869,97.1035,243.7539,55.66,44.93,1
34.0,80.0,5.0,470.0,0.0,18.7545,41.9714,280.6266,97.1046,243.768,55.659,44.932,1
34.0,80.0,5.0,4700.0,0.0,18.7554,41.9699,280.6406,97.1047,243.7694,55.6589,44.9322,1
34.0,80.0,5.0,680.0,0.0,18.7548,41.9709,280.6314,97.1047,243.7684,55.659,44.9321,1
38.0,120.0,10.0,100.0,0.0,23.7796,69.0166,305.2418,97.2223,255.4473,55.804,44.642,1
38.0,120.0,10.0,1000.0,0.0,23.7836,69.0115,305.2922,97.2226,255.4541,55.803,44.644,1
38.0,120.0,10.0,220.0,0.0,23.7821,69.0135,305.2723,97.2224,255.4514,55.8034,44.6432,1
38.0,120.0,10.0,2200.0,0.0,23.7839,69.0111,305.2952,97.2226,255.4545,55.803,44.6441,1
38.0,120.0,10.0,47.0,0.0,23.7746,69.023,305.1786,97.2219,255.4387,55.8052,44.6395,1
38.0,120.0,10.0,470.0,0.0,23.7831,69.0121,305.2858,97.2225,255.4532,55.8031,44.6437,1
38.0,120.0,10.0,4700.0,0.0,23.784,69.011,305.2966,97.2226,255.4547,55.8029,44.6441,1
38.0,120.0,10.0,680.0,0.0,23.7834,69.0117,305.2895,97.2226,255.4538,55.8031,44.6439,1
38.0,120.0,15.0,100.0,0.0,22.4749,98.2111,274.6799,104.9872,256.7497,56.3084,43.6333,0
38.0,120.0,15.0,1000.0,0.0,22.4789,98.2066,274.7344,104.988,256.7566,56.3075,43.6351,0
38.0,120.0,15.0,220.0,0.0,22.4773,98.2084,274.7129,104.9877,256.7539,56.3078,43.6344,0
38.0,120.0,15.0,2200.0,0.0,22.4791,98.2063,274.7377,104.9881,256.757,56.3074,43.6352,0
38.0,120.0,15.0,47.0,0.0,22.4699,98.2168,274.6116,104.9863,256.7411,56.3095,43.6311,0
38.0,120.0,15.0,470.0,0.0,22.4784,98.2072,274.7276,104.9879,256.7557,56.3076,43.6348,0
38.0,120.0,15.0,4700.0,0.0,22.4793,98.2062,274.7392,104.9881,256.7572,56.3074,43.6352,0
38.0,120.0,15.0,680.0,0.0,22.4787,98.2068,274.7316,104.988,256.7562,56.3075,43.635,0
38.0,120.0,20.0,100.0,0.0,23.0129,123.5146,303.409,101.7786,258.0835,55.8168,44.6164,0
38.0,120.0,20.0,1000.0,0.0,23.021,123.5023,303.5305,101.779,258.0904,55.8159,44.6182,0
38.0,120.0,20.0,220.0,0.0,23.0178,123.5071,303.4831,101.7788,258.0877,55.8163,44.6175,0
38.0,120.0,20.0,2200.0,0.0,23.0215,123.5015,303.5377,101.779,258.0908,55.8159,44.6183,0
38.0,120.0,20.0,47.0,0.0,23.0027,123.5418,303.1552,101.778,258.0749,55.813,44.624,0
38.0,120.0,20.0,470.0,0.0,23.02,123.5038,303.5155,101.7789,258.0896,55.816,44.6179,0
38.0,120.0,20.0,4700.0,0.0,23.0217,123.5012,303.5409,101.779,258.091,55.8158,44.6183,0
38.0,120.0,20.0,680.0,0.0,23.0206,123.5029,303.5242,101.779,258.0901,55.816,44.6181,0
38.0,120.0,25.0,100.0,0.0,23.1228,153.0817,295.5229,103.2304,254.2791,55.7319,44.7862,0
38.0,120.0,25.0,1000.0,0.0,23.133,153.0713,295.6267,103.2309,254.2859,55.7285,44.7929,0
38.0,120.0,25.0,220.0,0.0,23.129,153.0754,295.5858,103.2307,254.2832,55.7299,44.7903,0
38.0,120.0,25.0,2200.0,0.0,23.1336,153.0706,295.633,103.2309,254.2863,55.7283,44.7933,0
38.0,120.0,25.0,47.0,0.0,23.1101,153.0947,295.3929,103.2299,254.2706,55.7361,44.7777,0
38.0,120.0,25.0,470.0,0.0,23.1317,153.0726,295.6137,103.2308,254.2851,55.729,44.7921,0
38.0,120.0,25.0,4700.0,0.0,23.1339,153.0703,295.6358,103.2309,254.2865,55.7282,44.7935,0
38.0,120.0,25.0,680.0,0.0,23.1325,153.0718,295.6213,103.2309,254.2856,55.7287,44.7926,0
38.0,120.0,5.0,100.0,0.0,23.0142,42.4012,281.0851,110.2622,251.4987,55.6534,44.9432,0
38.0,120.0,5.0,1000.0,0.0,23.0182,42.3941,281.158,110.2628,251.5055,55.653,44.9439,0
38.0,120.0,5.0,220.0,0.0,23.0166,42.3969,281.1293,110.2626,251.5028,55.6532,44.9436,0
38.0,120.0,5.0,2200.0,0.0,23.0185,42.3937,281.1625,110.2629,251.5059,55.653,44.944,0
38.0,120.0,5.0,47.0,0.0,23.009,42.41,280.9937,110.2613,251.4903,55.6539,44.9423,0
38.0,120.0,5.0,470.0,0.0,23.0177,42.395,281.1489,110.2628,251.5047,55.6531,44.9438,0
38.0,120.0,5.0,4700.0,0.0,23.0186,42.3935,281.1645,110.2629,251.5061,55.653,44.944,0
38.0,120.0,5.0,680.0,0.0,23.018,42.3945,281.1543,110.2628,251.5052,55.6531,44.9439,0
38.0,40.0,10.0,100.0,0.0,2.5348,64.7915,258.6846,44.4082,173.8677,56.6843,42.8814,1
38.0,40.0,10.0,1000.0,0.0,2.5384,64.7819,258.7145,44.4082,173.8724,56.683,42.8839,1
38.0,40.0,10.0,220.0,0.0,2.537,64.7857,258.7027,44.4082,173.8705,56.6835,42.883,1
38.0,40.0,10.0,2200.0,0.0,2.5386,64.7813,258.7163,44.4082,173.8726,56.683,42.8841,1
38.0,40.0,10.0,47.0,0.0,2.5303,64.8037,258.6467,44.4081,173.8619,56.6858,42.8783,1
38.0,40.0,10.0,470.0,0.0,2.5379,64.7831,258.7108,44.4082,173.8718,56.6832,42.8836,1
38.0,40.0,10.0,4700.0,0.0,2.5387,64.7811,258.7171,44.4082,173.8728,56.6829,42.8842,1
38.0,40.0,10.0,680.0,0.0,2.5382,64.7824,258.713,44.4082,173.8721,56.6831,42.8838,1
38.0,40.0,15.0,100.0,0.0,1.3447,94.771,240.7582,49.1668,180.7309,57.2809,41.6882,1
38.0,40.0,15.0,1000.0,0.0,1.3482,94.7627,240.7926,49.1675,180.7357,57.2797,41.6905,1
38.0,40.0,15.0,220.0,0.0,1.3468,94.7659,240.7791,49.1672,180.7338,57.2802,41.6896,1
38.0,40.0,15.0,2200.0,0.0,1.3484,94.7622,240.7946,49.1675,180.736,57.2797,41.6907,1
38.0,40.0,15.0,47.0,0.0,1.3411,94.7803,240.7278,49.0744,180.7248,57.2818,41.6865,1
38.0,40.0,15.0,470.0,0.0,1.3478,94.7637,240.7883,49.1674,180.7351,57.2799,41.6902,1
38.0,40.0,15.0,4700.0,0.0,1.3485,94.762,240.7954,49.1675,180.7361,57.2796,41.6907,1
38.0,40.0,15.0,680.0,0.0,1.348,94.7631,240.7908,49.1675,180.7354,57.2798,41.6904,1
38.0,40.0,20.0,100.0,0.0,1.7847,120.5958,251.0842,49.5128,182.0041,56.7631,42.7237,1
38.0,40.0,20.0,1000.0,0.0,1.7951,120.5353,251.2927,49.513,182.0089,56.7707,42.7087,1
38.0,40.0,20.0,220.0,0.0,1.7905,120.556,251.2161,49.5129,182.007,56.7693,42.7115,1
38.0,40.0,20.0,2200.0,0.0,1.7958,120.5321,251.3046,49.513,182.0092,56.7709,42.7082,1
38.0,40.0,20.0,47.0,0.0,1.78,120.6493,250.9826,49.5124,181.998,56.7509,42.7481,1
38.0,40.0,20.0,470.0,0.0,1.7936,120.5419,251.2684,49.513,182.0083,56.7702,42.7096,1
38.0,40.0,20.0,4700.0,0.0,1.7962,120.531,251.3087,49.5131,182.0094,56.7708,42.7084,1
38.0,40.0,20.0,680.0,0.0,1.7945,120.5381,251.2826,49.513,182.0087,56.7705,42.709,1
38.0,40.0,25.0,100.0,0.0,2.4227,148.7323,255.0508,48.1146,178.2968,56.1452,43.9595,1
38.0,40.0,25.0,1000.0,0.0,2.4282,148.7157,255.2831,48.1146,178.3016,56.1436,43.9629,1
38.0,40.0,25.0,220.0,0.0,2.426,148.7219,255.0917,48.1146,178.2997,56.1442,43.9615,1
38.0,40.0,25.0,2200.0,0.0,2.4285,148.7146,255.287,48.1146,178.3018,56.1435,43.9631,1
38.0,40.0,25.0,47.0,0.0,2.4157,148.7539,254.9666,48.1146,178.2908,56.1473,43.9554,1
38.0,40.0,25.0,470.0,0.0,2.4275,148.7177,255.1802,48.1146,178.301,56.1438,43.9624,1
38.0,40.0,25.0,4700.0,0.0,2.4287,148.7142,255.2887,48.1146,178.302,56.1434,43.9631,1
38.0,40.0,25.0,680.0,0.0,2.4279,148.7165,255.2318,48.1146,178.3013,56.1437,43.9627,1
38.0,40.0,5.0,100.0,0.0,1.5921,38.9916,243.5977,52.5658,175.9885,56.7106,42.8287,1
38.0,40.0,5.0,1000.0,0.0,1.5978,38.9391,243.8173,52.4472,175.9932,56.7177,42.8147,1
38.0,40.0,5.0,220.0,0.0,1.5955,38.9597,243.731,52.4926,175.9913,56.7149,42.8202,1
38.0,40.0,5.0,2200.0,0.0,1.5981,38.938,243.8218,52.4433,175.9935,56.7176,42.8149,1
38.0,40.0,5.0,47.0,0.0,1.5873,39.0561,243.3273,52.6152,175.9825,56.6992,42.8516,1
38.0,40.0,5.0,470.0,0.0,1.5971,38.9452,243.7916,52.4602,175.9926,56.7169,42.8162,1
38.0,40.0,5.0,4700.0,0.0,1.5983,38.9375,243.8238,52.4415,175.9936,56.7175,42.815,1
38.0,40.0,5.0,680.0,0.0,1.5975,38.9412,243.8082,52.4513,175.993,56.7174,42.8151,1
38.0,48.0,10.0,100.0,0.0,6.6234,65.8823,271.8926,54.2606,191.4268,56.4887,43.2726,1
38.0,48.0,10.0,1000.0,0.0,6.627,65.8728,271.9347,54.2606,191.4318,56.4875,43.275,1
38.0,48.0,10.0,220.0,0.0,6.6256,65.8765,271.9181,54.2606,191.4298,56.488,43.2741,1
38.0,48.0,10.0,2200.0,0.0,6.6272,65.8723,271.9373,54.2606,191.4322,56.4874,43.2752,1
38.0,48.0,10.0,47.0,0.0,6.6188,65.8941,271.8398,54.2606,191.4204,56.4902,43.2697,1
38.0,48.0,10.0,470.0,0.0,6.6266,65.874,271.9295,54.2606,191.4312,56.4876,43.2747,1
38.0,48.0,10.0,4700.0,0.0,6.6273,65.872,271.9384,54.2606,191.4323,56.4874,43.2752,1
38.0,48.0,10.0,680.0,0.0,6.6268,65.8733,271.9326,54.2606,191.4316,56.4875,43.2749,1
38.0,48.0,15.0,100.0,0.0,5.4057,95.6339,251.6202,59.6512,198.4059,57.0235,42.2029,1
38.0,48.0,15.0,1000.0,0.0,5.4099,95.6259,251.6682,59.6514,198.4111,57.0229,42.2041,1
38.0,48.0,15.0,220.0,0.0,5.4079,95.6296,251.6467,59.6505,198.4091,57.0233,42.2033,1
38.0,48.0,15.0,2200.0,0.0,5.4103,95.6253,251.672,59.6517,198.4115,57.0228,42.2043,1
38.0,48.0,15.0,47.0,0.0,5.4011,95.6423,251.5677,59.6524,198.3992,57.0243,42.2014,1
38.0,48.0,15.0,470.0,0.0,5.4091,95.6273,251.6603,59.6508,198.4105,57.0232,42.2037,1
38.0,48.0,15.0,4700.0,0.0,5.4104,95.625,251.6737,59.6519,198.4116,57.0228,42.2044,1
38.0,48.0,15.0,680.0,0.0,5.4095,95.6265,251.6649,59.6512,198.4109,57.023,42.204,1
38.0,48.0,20.0,100.0,0.0,5.8924,121.3815,265.0001,60.0909,199.7137,56.4592,43.3315,1
38.0,48.0,20.0,1000.0,0.0,5.9022,121.3439,265.1855,60.091,199.719,56.4631,43.3238,1
38.0,48.0,20.0,220.0,0.0,5.8984,121.3575,265.1179,60.0909,199.7169,56.462,43.326,1
38.0,48.0,20.0,2200.0,0.0,5.9028,121.3428,265.1914,60.091,199.7194,56.4629,43.3242,1
38.0,48.0,20.0,47.0,0.0,5.8801,121.4312,264.7555,60.0909,199.7071,56.4536,43.3428,1
38.0,48.0,20.0,470.0,0.0,5.901,121.347,265.17,60.0909,199.7184,56.4632,43.3236,1
38.0,48.0,20.0,4700.0,0.0,5.9032,121.3422,265.1943,60.091,199.7195,56.4628,43.3245,1
38.0,48.0,20.0,680.0,0.0,5.9017,121.3449,265.1805,60.091,199.7188,56.4632,43.3235,1
38.0,48.0,25.0,100.0,0.0,6.4674,149.8253,267.4713,58.5882,195.9728,55.9691,44.3117,1
38.0,48.0,25.0,1000.0,0.0,6.4731,149.812,267.5396,58.5881,195.978,55.9676,44.3149,1
38.0,48.0,25.0,220.0,0.0,6.4708,149.8172,267.5127,58.5881,195.976,55.9682,44.3136,1
38.0,48.0,25.0,2200.0,0.0,6.4734,149.8112,267.5437,58.5881,195.9784,55.9675,44.3151,1
38.0,48.0,25.0,47.0,0.0,6.4604,149.8419,267.3857,58.5884,195.9663,55.9711,44.3078,1
38.0,48.0,25.0,470.0,0.0,6.4724,149.8137,267.531,58.5881,195.9774,55.9678,44.3145,1
38.0,48.0,25.0,4700.0,0.0,6.4736,149.8109,267.5456,58.5881,195.9785,55.9674,44.3152,1
38.0,48.0,25.0,680.0,0.0,6.4728,149.8127,267.536,58.5881,195.9778,55.9676,44.3147,1
38.0,48.0,5.0,100.0,0.0,5.6838,39.8961,255.2281,63.5916,193.5114,56.4725,43.305,1
38.0,48.0,5.0,1000.0,0.0,5.6875,39.8686,255.3704,63.5971,193.5166,56.4772,43.2957,1
38.0,48.0,5.0,220.0,0.0,5.6861,39.873,255.3479,63.5949,193.5145,56.4773,43.2955,1
38.0,48.0,5.0,2200.0,0.0,5.6878,39.868,255.3739,63.5974,193.5169,56.4772,43.2957,1
38.0,48.0,5.0,47.0,0.0,5.6792,39.9481,254.9575,62.2551,193.5049,56.4613,43.3275,1
38.0,48.0,5.0,470.0,0.0,5.6871,39.87,255.3633,63.5964,193.5159,56.4772,43.2956,1
38.0,48.0,5.0,4700.0,0.0,5.6879,39.8677,255.3754,63.5976,193.517,56.4771,43.2957,1
38.0,48.0,5.0,680.0,0.0,5.6874,39.8692,255.3675,63.5968,193.5163,56.4772,43.2956,1
38.0,60.0,10.0,100.0,0.0,11.3774,66.9465,284.8039,65.9282,210.7523,56.2718,43.7063,1
38.0,60.0,10.0,1000.0,0.0,11.3811,66.9392,284.8471,65.9281,210.758,56.2707,43.7085,1
38.0,60.0,10.0,220.0,0.0,11.3797,66.942,284.8302,65.9281,210.7558,56.2712,43.7077,1
38.0,60.0,10.0,2200.0,0.0,11.3814,66.9387,284.8497,65.9281,210.7583,56.2707,43.7086,1
38.0,60.0,10.0,47.0,0.0,11.3726,66.9557,284.7497,65.9282,210.7453,56.2732,43.7036,1
38.0,60.0,10.0,470.0,0.0,11.3807,66.9401,284.8418,65.9281,210.7573,56.2709,43.7082,1
38.0,60.0,10.0,4700.0,0.0,11.3815,66.9385,284.8508,65.9281,210.7585,56.2707,43.7087,1
38.0,60.0,10.0,680.0,0.0,11.3809,66.9395,284.8449,65.9281,210.7577,56.2708,43.7084,1
38.0,60.0,15.0,100.0,0.0,10.1164,96.5,261.7372,71.9614,212.0405,56.8196,42.6108,1
38.0,60.0,15.0,1000.0,0.0,10.1202,96.4943,261.7818,71.9618,212.0461,56.8185,42.613,1
38.0,60.0,15.0,220.0,0.0,10.1187,96.4966,261.7642,71.9617,212.0439,56.8189,42.6121,1
38.0,60.0,15.0,2200.0,0.0,10.1204,96.494,261.7845,71.9618,212.0465,56.8184,42.6132,1
38.0,60.0,15.0,47.0,0.0,10.1116,96.507,261.6816,71.9611,212.0334,56.821,42.608,1
38.0,60.0,15.0,470.0,0.0,10.1197,96.495,261.7762,71.9617,212.0454,56.8186,42.6127,1
38.0,60.0,15.0,4700.0,0.0,10.1205,96.4938,261.7857,71.9618,212.0466,56.8184,42.6132,1
38.0,60.0,15.0,680.0,0.0,10.12,96.4946,261.7795,71.9618,212.0458,56.8185,42.6129,1
38.0,60.0,20.0,100.0,0.0,10.6669,122.1514,278.8815,68.7856,213.3743,56.1965,43.8569,1
38.0,60.0,20.0,1000.0,0.0,10.6756,122.1209,279.0588,68.7856,213.38,56.2018,43.8465,1
38.0,60.0,20.0,220.0,0.0,10.6717,122.1332,278.987,68.7856,213.3777,56.2,43.85,1
38.0,60.0,20.0,2200.0,0.0,10.6762,122.1199,279.0643,68.7856,213.3803,56.2016,43.8468,1
38.0,60.0,20.0,47.0,0.0,10.6571,122.1891,278.662,72.669,213.3672,56.1894,43.8712,1
38.0,60.0,20.0,470.0,0.0,10.6743,122.1247,279.0364,68.7856,213.3793,56.2013,43.8475,1
38.0,60.0,20.0,4700.0,0.0,10.6764,122.1195,279.0668,68.7856,213.3805,56.2015,43.847,1
38.0,60.0,20.0,680.0,0.0,10.675,122.1224,279.0499,68.7856,213.3797,56.2016,43.8468,1
38.0,60.0,25.0,100.0,0.0,11.1634,150.8619,279.3758,70.5827,215.3166,55.8522,44.5457,1
38.0,60.0,25.0,1000.0,0.0,11.1692,150.8514,279.4455,70.5825,215.3223,55.8507,44.5487,1
38.0,60.0,25.0,220.0,0.0,11.1669,150.8555,279.418,70.5826,215.3201,55.8512,44.5475,1
38.0,60.0,25.0,2200.0,0.0,11.1695,150.8507,279.4497,70.5825,215.3227,55.8506,44.5489,1
38.0,60.0,25.0,47.0,0.0,11.1421,150.9147,279.0412,70.8729,215.3094,55.8546,44.5408,1
38.0,60.0,25.0,470.0,0.0,11.1685,150.8527,279.4367,70.5826,215.3216,55.8508,44.5483,1
38.0,60.0,25.0,4700.0,0.0,11.1697,150.8504,279.4515,70.5825,215.3228,55.8505,44.549,1
38.0,60.0,25.0,680.0,0.0,11.1689,150.8519,279.4418,70.5826,215.322,55.8507,44.5485,1
38.0,60.0,5.0,100.0,0.0,10.4592,40.7662,266.1683,76.3533,212.6941,56.2156,43.8189,1
38.0,60.0,5.0,1000.0,0.0,10.463,40.7574,266.2253,76.3535,212.6998,56.2153,43.8194,1
38.0,60.0,5.0,220.0,0.0,10.4615,40.7609,266.2029,76.3534,212.6976,56.2154,43.8192,1
38.0,60.0,5.0,2200.0,0.0,10.4633,40.7569,266.2288,76.3535,212.7002,56.2153,43.8195,1
38.0,60.0,5.0,47.0,0.0,10.4544,40.7868,266.0337,76.3531,212.687,56.2125,43.8251,1
38.0,60.0,5.0,470.0,0.0,10.4625,40.7585,266.2182,76.3535,212.6991,56.2153,43.8194,1
38.0,60.0,5.0,4700.0,0.0,10.4634,40.7567,266.2303,76.3535,212.7003,56.2153,43.8195,1
38.0,60.0,5.0,680.0,0.0,10.4628,40.7579,266.2223,76.3535,212.6995,56.2153,43.8194,1
38.0,80.0,10.0,100.0,0.0,16.9971,67.9895,296.3936,80.106,231.9951,56.042,44.1661,1
38.0,80.0,10.0,1000.0,0.0,17.001,67.9837,296.4379,80.1061,232.0012,56.0409,44.1681,1
38.0,80.0,10.0,220.0,0.0,16.9995,67.986,296.4208,80.106,231.9988,56.0413,44.1673,1
38.0,80.0,10.0,2200.0,0.0,17.0013,67.9834,296.4406,80.1061,232.0016,56.0409,44.1683,1
38.0,80.0,10.0,47.0,0.0,16.9922,67.9968,296.3374,80.1059,231.9873,56.0433,44.1635,1
38.0,80.0,10.0,470.0,0.0,17.0005,67.9844,296.4325,80.106,232.0005,56.0411,44.1679,1
38.0,80.0,10.0,4700.0,0.0,17.0014,67.9833,296.4418,80.1061,232.0018,56.0408,44.1683,1
38.0,80.0,10.0,680.0,0.0,17.0008,67.984,296.4356,80.106,232.0009,56.041,44.168,1
38.0,80.0,15.0,100.0,0.0,15.7038,97.3556,269.9824,87.3244,233.3052,56.5724,43.1052,1
38.0,80.0,15.0,1000.0,0.0,15.7077,97.3501,270.0352,87.3249,233.3114,56.5715,43.107,1
38.0,80.0,15.0,220.0,0.0,15.7061,97.3523,270.0144,87.3247,233.3089,56.5718,43.1063,1
38.0,80.0,15.0,2200.0,0.0,15.7079,97.3498,270.0384,87.3249,233.3118,56.5714,43.1072,1
38.0,80.0,15.0,47.0,0.0,15.699,97.3625,269.9164,87.3238,233.2974,56.5736,43.1029,1
38.0,80.0,15.0,470.0,0.0,15.7072,97.3508,270.0286,87.3248,233.3106,56.5716,43.1068,1
38.0,80.0,15.0,4700.0,0.0,15.708,97.3496,270.0398,87.3249,233.3119,56.5714,43.1072,1
38.0,80.0,15.0,680.0,0.0,15.7075,97.3504,270.0324,87.3248,233.3111,56.5715,43.1069,1
38.0,80.0,20.0,100.0,0.0,16.2879,122.8487,292.137,83.7585,234.615,55.9968,44.2564,1
38.0,80.0,20.0,1000.0,0.0,16.2958,122.8231,292.3268,83.7586,234.6213,55.9999,44.2502,1
38.0,80.0,20.0,220.0,0.0,16.2927,122.8308,292.2689,83.7585,234.6188,55.9996,44.2508,1
38.0,80.0,20.0,2200.0,0.0,16.2963,122.8222,292.3337,83.7586,234.6217,55.9998,44.2503,1
38.0,80.0,20.0,47.0,0.0,16.2779,122.886,291.8634,83.7583,234.6072,55.9911,44.2678,1
38.0,80.0,20.0,470.0,0.0,16.2948,122.8249,292.3124,83.7586,234.6205,56.0,44.25,1
38.0,80.0,20.0,4700.0,0.0,16.2965,122.8218,292.3368,83.7586,234.6218,55.9998,44.2504,1
38.0,80.0,20.0,680.0,0.0,16.2954,122.8238,292.3208,83.7586,234.621,55.9999,44.2501,1
38.0,80.0,25.0,100.0,0.0,16.6254,151.9743,289.0994,85.5494,236.5279,55.754,44.7421,1
38.0,80.0,25.0,1000.0,0.0,16.6313,151.9658,289.1711,85.5496,236.5343,55.7526,44.7449,1
38.0,80.0,25.0,220.0,0.0,16.629,151.9691,289.1429,85.5495,236.5318,55.7531,44.7438,1
38.0,80.0,25.0,2200.0,0.0,16.6316,151.9653,289.1754,85.5496,236.5346,55.7525,44.7451,1
38.0,80.0,25.0,47.0,0.0,16.6181,151.9851,289.0097,85.5492,236.52,55.7557,44.7385,1
38.0,80.0,25.0,470.0,0.0,16.6305,151.9668,289.1621,85.5496,236.5335,55.7527,44.7445,1
38.0,80.0,25.0,4700.0,0.0,16.6318,151.965,289.1773,85.5496,236.5348,55.7524,44.7451,1
38.0,80.0,25.0,680.0,0.0,16.631,151.9662,289.1673,85.5496,236.5339,55.7526,44.7447,1
38.0,80.0,5.0,100.0,0.0,16.127,41.6135,275.247,91.7157,233.7629,55.9453,44.3595,1
38.0,80.0,5.0,1000.0,0.0,16.1309,41.6064,275.3057,91.716,233.7692,55.9449,44.3602,1
38.0,80.0,5.0,220.0,0.0,16.1293,41.6092,275.2826,91.7159,233.7667,55.945,44.3599,1
38.0,80.0,5.0,2200.0,0.0,16.1311,41.6059,275.3093,91.7161,233.7696,55.9449,44.3602,1
38.0,80.0,5.0,47.0,0.0,16.122,41.6224,275.1735,91.7152,233.755,55.9457,44.3586,1
38.0,80.0,5.0,470.0,0.0,16.1304,41.6073,275.2983,91.716,233.7684,55.9449,44.3601,1
38.0,80.0,5.0,4700.0,0.0,16.1312,41.6058,275.3108,91.7161,233.7697,55.9449,44.3603,1
38.0,80.0,5.0,680.0,0.0,16.1307,41.6068,275.3026,91.716,233.7688,55.9449,44.3602,1
40.0,120.0,10.0,100.0,0.0,22.0904,69.0061,292.9179,95.869,249.2172,55.8846,44.4808,1
40.0,120.0,10.0,1000.0,0.0,22.0943,69.001,292.9674,95.8693,249.2239,55.8836,44.4828,1
40.0,120.0,10.0,220.0,0.0,22.0928,69.003,292.9478,95.8692,249.2213,55.884,44.482,1
40.0,120.0,10.0,2200.0,0.0,22.0945,69.0007,292.9704,95.8694,249.2243,55.8836,44.4829,1
40.0,120.0,10.0,47.0,0.0,22.0855,69.0125,292.8558,95.8686,249.2089,55.8858,44.4784,1
40.0,120.0,10.0,470.0,0.0,22.0938,69.0016,292.9612,95.8693,249.2231,55.8837,44.4825,1
40.0,120.0,10.0,4700.0,0.0,22.0946,69.0006,292.9717,95.8694,249.2245,55.8835,44.483,1
40.0,120.0,10.0,680.0,0.0,22.0941,69.0013,292.9648,95.8693,249.2235,55.8837,44.4827,1
40.0,120.0,15.0,100.0,0.0,21.4723,98.0886,272.8755,97.5836,250.4875,56.1302,43.9895,1
40.0,120.0,15.0,1000.0,0.0,21.4762,98.0839,272.9314,97.5842,250.4942,56.1294,43.9913,1
40.0,120.0,15.0,220.0,0.0,21.4747,98.0858,272.9094,97.5839,250.4916,56.1297,43.9906,1
40.0,120.0,15.0,2200.0,0.0,21.4764,98.0836,272.9347,97.5842,250.4946,56.1293,43.9914,1
40.0,120.0,15.0,47.0,0.0,21.4674,98.0946,272.8055,97.5828,250.4791,56.1314,43.9873,1
40.0,120.0,15.0,470.0,0.0,21.4757,98.0845,272.9244,97.5841,250.4934,56.1295,43.9911,1
40.0,120.0,15.0,4700.0,0.0,21.4766,98.0835,272.9363,97.5842,250.4948,56.1293,43.9914,1
40.0,120.0,15.0,680.0,0.0,21.476,98.0841,272.9284,97.5842,250.4939,56.1294,43.9912,1
40.0,120.0,20.0,100.0,0.0,21.5234,123.2663,298.5048,96.7805,251.7888,56.0518,44.1464,1
40.0,120.0,20.0,1000.0,0.0,21.5273,123.2511,298.6438,96.7809,251.7955,56.0549,44.1402,1
40.0,120.0,20.0,220.0,0.0,21.5257,123.255,298.6064,96.7807,251.7929,56.0545,44.141,1
40.0,120.0,20.0,2200.0,0.0,21.5275,123.2505,298.6496,96.7809,251.7959,56.0549,44.1401,1
40.0,120.0,20.0,47.0,0.0,21.5186,123.2936,298.2616,96.7801,251.7804,56.0447,44.1606,1
40.0,120.0,20.0,470.0,0.0,21.5268,123.2524,298.6319,96.7809,251.7947,56.0548,44.1405,1
40.0,120.0,20.0,4700.0,0.0,21.5276,123.2503,298.6521,96.7809,251.7961,56.055,44.14,1
40.0,120.0,20.0,680.0,0.0,21.5271,123.2517,298.6388,96.7809,251.7952,56.0548,44.1403,1
40.0,120.0,25.0,100.0,0.0,21.7665,152.7491,287.7758,100.273,248.0772,55.8766,44.4968,0
40.0,120.0,25.0,1000.0,0.0,21.7704,152.7422,287.8478,100.2735,248.0838,55.8763,44.4973,0
40.0,120.0,25.0,220.0,0.0,21.7689,152.7449,287.8195,100.2733,248.0812,55.8764,44.4971,0
40.0,120.0,25.0,2200.0,0.0,21.7706,152.7418,287.8522,100.2735,248.0842,55.8763,44.4974,0
40.0,120.0,25.0,47.0,0.0,21.7617,152.7578,287.6855,100.2725,248.0689,55.8769,44.4962,0
40.0,120.0,25.0,470.0,0.0,21.7699,152.743,287.8388,100.2734,248.083,55.8764,44.4973,0
40.0,120.0,25.0,4700.0,0.0,21.7707,152.7416,287.8541,100.2735,248.0844,55.8763,44.4974,0
40.0,120.0,25.0,680.0,0.0,21.7702,152.7425,287.8441,100.2734,248.0835,55.8763,44.4973,0
40.0,120.0,5.0,100.0,0.0,21.733,42.2155,278.8958,105.6016,246.3564,55.8326,44.5847,0
40.0,120.0,5.0,1000.0,0.0,21.7369,42.2084,278.9666,105.6022,246.363,55.8323,44.5854,0
40.0,120.0,5.0,220.0,0.0,21.7354,42.2112,278.9387,105.602,246.3604,55.8324,44.5852,0
40.0,120.0,5.0,2200.0,0.0,21.7372,42.2079,278.9709,105.6023,246.3634,55.8323,44.5855,0
40.0,120.0,5.0,47.0,0.0,21.7281,42.2245,278.807,105.6008,246.3481,55.8331,44.5839,0
40.0,120.0,5.0,470.0,0.0,21.7364,42.2093,278.9577,105.6021,246.3622,55.8323,44.5854,0
40.0,120.0,5.0,4700.0,0.0,21.7373,42.2077,278.9728,105.6023,246.3636,55.8322,44.5855,0
40.0,120.0,5.0,680.0,0.0,21.7367,42.2087,278.9629,105.6022,246.3626,55.8323,44.5854,0
40.0,40.0,10.0,100.0,0.0,0.9269,64.8172,249.4679,43.1993,169.627,56.7806,42.6888,1
40.0,40.0,10.0,1000.0,0.0,0.9303,64.8077,249.4997,43.1993,169.6316,56.7793,42.6913,1
40.0,40.0,10.0,220.0,0.0,0.929,64.8114,249.4873,43.1993,169.6298,56.7798,42.6903,1
40.0,40.0,10.0,2200.0,0.0,0.9305,64.8072,249.5016,43.1993,169.6318,56.7793,42.6915,1
40.0,40.0,10.0,47.0,0.0,0.9225,64.8575,249.3407,43.1993,169.6213,56.7747,42.7005,1
40.0,40.0,10.0,470.0,0.0,0.9299,64.8089,249.4958,43.1993,169.631,56.7795,42.691,1
40.0,40.0,10.0,4700.0,0.0,0.9306,64.8069,249.5025,43.1993,169.632,56.7792,42.6915,1
40.0,40.0,10.0,680.0,0.0,0.9302,64.8082,249.4981,43.1993,169.6313,56.7794,42.6912,1
40.0,40.0,15.0,100.0,0.0,0.3614,94.4643,238.0125,49.5211,170.8624,57.0719,42.1062,1
40.0,40.0,15.0,1000.0,0.0,0.3648,94.4557,238.0542,49.5213,170.8669,57.0707,42.1085,1
40.0,40.0,15.0,220.0,0.0,0.3634,94.4591,238.0378,49.5212,170.8651,57.0712,42.1076,1
40.0,40.0,15.0,2200.0,0.0,0.365,94.4552,238.0567,49.5213,170.8672,57.0707,42.1086,1
40.0,40.0,15.0,47.0,0.0,0.357,94.4751,237.9603,49.5209,170.8567,57.0733,42.1033,1
40.0,40.0,15.0,470.0,0.0,0.3644,94.4568,238.0489,49.5213,170.8664,57.0709,42.1082,1
40.0,40.0,15.0,4700.0,0.0,0.3651,94.455,238.0578,49.5213,170.8673,57.0706,42.1087,1
40.0,40.0,15.0,680.0,0.0,0.3646,94.4562,238.052,49.5213,170.8667,57.0708,42.1084,1
40.0,40.0,20.0,100.0,0.0,0.5637,120.2697,246.6467,46.881,172.1112,56.8045,42.641,1
40.0,40.0,20.0,1000.0,0.0,0.5724,120.2189,246.8303,46.8811,172.1158,56.8095,42.6309,1
40.0,40.0,20.0,220.0,0.0,0.5687,120.2406,246.7521,46.8811,172.114,56.8077,42.6345,1
40.0,40.0,20.0,2200.0,0.0,0.573,120.215,246.8441,46.8811,172.1161,56.8098,42.6304,1
40.0,40.0,20.0,47.0,0.0,0.5545,120.3281,246.4351,46.881,172.1054,56.7971,42.6558,1
40.0,40.0,20.0,470.0,0.0,0.5713,120.2269,246.8016,46.8811,172.1152,56.809,42.632,1
40.0,40.0,20.0,4700.0,0.0,0.5733,120.2133,246.8503,46.8811,172.1162,56.8099,42.6301,1
40.0,40.0,20.0,680.0,0.0,0.5719,120.2222,246.8183,46.8811,172.1155,56.8093,42.6314,1
40.0,40.0,25.0,100.0,0.0,0.8675,148.5438,247.4703,46.5809,173.9481,56.5135,43.223,1
40.0,40.0,25.0,1000.0,0.0,0.8729,148.5263,247.5377,46.581,173.9527,56.5119,43.2263,1
40.0,40.0,25.0,220.0,0.0,0.8708,148.5331,247.5114,46.581,173.9509,56.5125,43.225,1
40.0,40.0,25.0,2200.0,0.0,0.8733,148.5253,247.5417,46.581,173.953,56.5118,43.2265,1
40.0,40.0,25.0,47.0,0.0,0.8608,148.5658,247.3854,46.5809,173.9423,56.5154,43.2192,1
40.0,40.0,25.0,470.0,0.0,0.8723,148.5285,247.5294,46.581,173.9522,56.5121,43.2259,1
40.0,40.0,25.0,4700.0,0.0,0.8734,148.5248,247.5435,46.581,173.9531,56.5117,43.2266,1
40.0,40.0,25.0,680.0,0.0,0.8727,148.5272,247.5342,46.581,173.9525,56.5119,43.2261,1
40.0,40.0,5.0,100.0,0.0,0.4824,38.7707,240.3958,50.5476,172.4657,56.7737,42.7027,1
40.0,40.0,5.0,1000.0,0.0,0.4859,38.7211,240.5898,50.5477,172.4703,56.7821,42.6858,1
40.0,40.0,5.0,220.0,0.0,0.4845,38.739,240.5196,50.5476,172.4685,56.7792,42.6917,1
40.0,40.0,5.0,2200.0,0.0,0.4861,38.7202,240.593,50.5477,172.4706,56.7821,42.6858,1
40.0,40.0,5.0,47.0,0.0,0.478,38.8363,240.139,50.5475,172.4599,56.7623,42.7253,1
40.0,40.0,5.0,470.0,0.0,0.4854,38.725,240.5745,50.5477,172.4697,56.7816,42.6868,1
40.0,40.0,5.0,4700.0,0.0,0.4862,38.7199,240.5944,50.5477,172.4707,56.7821,42.6859,1
40.0,40.0,5.0,680.0,0.0,0.4857,38.7218,240.587,50.5477,172.47,56.7821,42.6858,1
40.0,48.0,10.0,100.0,0.0,4.9776,65.8653,262.387,53.0886,186.7578,56.5506,43.1487,1
40.0,48.0,10.0,1000.0,0.0,4.9812,65.8555,262.43,53.0886,186.7628,56.5494,43.1512,1
40.0,48.0,10.0,220.0,0.0,4.9798,65.8593,262.4133,53.0886,186.7608,56.5499,43.1502,1
40.0,48.0,10.0,2200.0,0.0,4.9814,65.855,262.4325,53.0886,186.7631,56.5493,43.1513,1
40.0,48.0,10.0,47.0,0.0,4.9731,65.9021,262.2334,53.0886,186.7516,56.546,43.158,1
40.0,48.0,10.0,470.0,0.0,4.9808,65.8567,262.4248,53.0885,186.7622,56.5496,43.1509,1
40.0,48.0,10.0,4700.0,0.0,4.9815,65.8547,262.4337,53.0886,186.7632,56.5493,43.1514,1
40.0,48.0,10.0,680.0,0.0,4.981,65.856,262.4278,53.0886,186.7625,56.5495,43.151,1
40.0,48.0,15.0,100.0,0.0,4.3941,95.3832,249.1368,59.6808,188.0276,56.819,42.6119,1
40.0,48.0,15.0,1000.0,0.0,4.3987,95.3717,249.2025,59.6821,188.0326,56.8183,42.6135,1
40.0,48.0,15.0,220.0,0.0,4.3963,95.3774,249.1709,59.68,188.0306,56.8189,42.6121,1
40.0,48.0,15.0,2200.0,0.0,4.3991,95.3708,249.2073,59.6824,188.0329,56.8182,42.6137,1
40.0,48.0,15.0,47.0,0.0,4.3897,95.3947,249.0694,59.6822,188.0213,56.8196,42.6107,1
40.0,48.0,15.0,470.0,0.0,4.3979,95.3735,249.1924,59.6814,188.0319,56.8185,42.6131,1
40.0,48.0,15.0,4700.0,0.0,4.3993,95.3704,249.2095,59.6825,188.033,56.8181,42.6138,1
40.0,48.0,15.0,680.0,0.0,4.3984,95.3724,249.1983,59.6818,188.0323,56.8183,42.6133,1
40.0,48.0,20.0,100.0,0.0,4.6022,121.0868,260.3621,53.3371,189.3246,56.5754,43.0991,1
40.0,48.0,20.0,1000.0,0.0,4.6103,121.0445,260.5576,53.3371,189.3296,56.5622,43.1255,1
40.0,48.0,20.0,220.0,0.0,4.6067,121.059,260.4789,53.3371,189.3276,56.5786,43.0928,1
40.0,48.0,20.0,2200.0,0.0,4.6109,121.0415,260.5701,53.3371,189.3299,56.5625,43.1251,1
40.0,48.0,20.0,47.0,0.0,4.5928,121.1441,260.1208,53.3372,189.3183,56.5689,43.1122,1
40.0,48.0,20.0,470.0,0.0,4.6091,121.0506,260.5318,53.3371,189.329,56.5617,43.1266,1
40.0,48.0,20.0,4700.0,0.0,4.6111,121.0402,260.5757,53.3371,189.3301,56.5626,43.1249,1
40.0,48.0,20.0,680.0,0.0,4.6098,121.0471,260.5468,53.3371,189.3294,56.562,43.126,1
40.0,48.0,25.0,100.0,0.0,4.8798,149.6586,259.5348,56.6538,191.193,56.3079,43.6342,1
40.0,48.0,25.0,1000.0,0.0,4.8853,149.6448,259.6041,56.6531,191.1981,56.3062,43.6375,1
40.0,48.0,25.0,220.0,0.0,4.8831,149.6503,259.5768,56.6535,191.1961,56.3069,43.6362,1
40.0,48.0,25.0,2200.0,0.0,4.8856,149.644,259.6083,56.653,191.1984,56.3061,43.6377,1
40.0,48.0,25.0,47.0,0.0,4.8729,149.6758,259.448,56.6544,191.1866,56.3099,43.6301,1
40.0,48.0,25.0,470.0,0.0,4.8846,149.6466,259.5954,56.6532,191.1974,56.3064,43.6371,1
40.0,48.0,25.0,4700.0,0.0,4.8858,149.6436,259.6102,56.653,191.1985,56.3061,43.6378,1
40.0,48.0,25.0,680.0,0.0,4.885,149.6456,259.6005,56.6531,191.1978,56.3063,43.6373,1
40.0,48.0,5.0,100.0,0.0,4.5261,39.696,252.0059,60.8857,189.6335,56.5462,43.1575,1
40.0,48.0,5.0,1000.0,0.0,4.5297,39.6711,252.1294,60.8858,189.6386,56.5501,43.1498,1
40.0,48.0,5.0,220.0,0.0,4.5283,39.6754,252.1084,60.8858,189.6366,56.5502,43.1496,1
40.0,48.0,5.0,2200.0,0.0,4.5299,39.6705,252.1326,60.8858,189.6389,56.5501,43.1498,1
40.0,48.0,5.0,47.0,0.0,4.5216,39.7469,251.7521,60.8856,189.6272,56.5356,43.1789,1
40.0,48.0,5.0,470.0,0.0,4.5292,39.6725,252.1227,60.8858,189.638,56.5501,43.1497,1
40.0,48.0,5.0,4700.0,0.0,4.53,39.6702,252.1341,60.8859,189.6391,56.5501,43.1499,1
40.0,48.0,5.0,680.0,0.0,4.5295,39.6717,252.1266,60.8858,189.6383,56.5501,43.1498,1
40.0,60.0,10.0,100.0,0.0,9.6932,66.9082,274.676,64.8369,205.6121,56.3399,43.5702,1
40.0,60.0,10.0,1000.0,0.0,9.6968,66.9005,274.7205,64.8369,205.6176,56.3389,43.5723,1
40.0,60.0,10.0,220.0,0.0,9.6954,66.9035,274.703,64.8369,205.6154,56.3393,43.5715,1
40.0,60.0,10.0,2200.0,0.0,9.697,66.9,274.7233,64.8369,205.6179,56.3388,43.5724,1
40.0,60.0,10.0,47.0,0.0,9.6886,66.9377,274.5161,64.837,205.6052,56.3358,43.5785,1
40.0,60.0,10.0,470.0,0.0,9.6964,66.9015,274.715,64.8369,205.6169,56.339,43.572,1
40.0,60.0,10.0,4700.0,0.0,9.6971,66.8998,274.7245,64.8368,205.618,56.3388,43.5725,1
40.0,60.0,10.0,680.0,0.0,9.6966,66.9009,274.7182,64.8369,205.6173,56.3389,43.5722,1
40.0,60.0,15.0,100.0,0.0,9.0859,96.2778,259.46,71.7216,206.8688,56.6284,42.9931,1
40.0,60.0,15.0,1000.0,0.0,9.0895,96.271,259.5114,71.7218,206.8743,56.6274,42.9952,1
40.0,60.0,15.0,220.0,0.0,9.0881,96.2737,259.4912,71.7217,206.8721,56.6278,42.9944,1
40.0,60.0,15.0,2200.0,0.0,9.0897,96.2706,259.5145,71.7219,206.8746,56.6273,42.9953,1
40.0,60.0,15.0,47.0,0.0,9.0813,96.2864,259.3956,71.7212,206.8619,56.6297,42.9906,1
40.0,60.0,15.0,470.0,0.0,9.0891,96.2719,259.505,71.7218,206.8736,56.6275,42.9949,1
40.0,60.0,15.0,4700.0,0.0,9.0898,96.2704,259.5159,71.7219,206.8748,56.6273,42.9954,1
40.0,60.0,15.0,680.0,0.0,9.0893,96.2714,259.5087,71.7218,206.874,56.6275,42.9951,1
40.0,60.0,20.0,100.0,0.0,9.3132,121.871,274.2408,65.2897,208.17,56.3554,43.5391,1
40.0,60.0,20.0,1000.0,0.0,9.325,121.8486,274.3725,65.2875,208.1756,56.3511,43.5477,1
40.0,60.0,20.0,220.0,0.0,9.3204,121.8574,274.3206,65.2884,208.1734,56.3528,43.5444,1
40.0,60.0,20.0,2200.0,0.0,9.3258,121.8472,274.3805,65.2874,208.1759,56.3509,43.5483,1
40.0,60.0,20.0,47.0,0.0,9.2914,121.9482,273.5999,65.3515,208.1631,56.3519,43.5463,1
40.0,60.0,20.0,470.0,0.0,9.3236,121.8514,274.356,65.2878,208.1749,56.3517,43.5467,1
40.0,60.0,20.0,4700.0,0.0,9.3261,121.8466,274.384,65.2873,208.1761,56.3508,43.5485,1
40.0,60.0,20.0,680.0,0.0,9.3244,121.8497,274.3656,65.2876,208.1753,56.3514,43.5473,1
40.0,60.0,25.0,100.0,0.0,9.5297,150.7547,270.8817,68.6891,210.065,56.1698,43.9104,1
40.0,60.0,25.0,1000.0,0.0,9.5352,150.7437,270.9578,68.6891,210.0706,56.1683,43.9133,1
40.0,60.0,25.0,220.0,0.0,9.533,150.748,270.9279,68.6891,210.0684,56.1689,43.9122,1
40.0,60.0,25.0,2200.0,0.0,9.5356,150.7431,270.9624,68.6891,210.0709,56.1682,43.9135,1
40.0,60.0,25.0,47.0,0.0,9.5227,150.7684,270.6148,68.6891,210.058,56.1716,43.9067,1
40.0,60.0,25.0,470.0,0.0,9.5345,150.7451,270.9483,68.6891,210.0699,56.1685,43.913,1
40.0,60.0,25.0,4700.0,0.0,9.5357,150.7428,270.9645,68.6891,210.0711,56.1682,43.9136,1
40.0,60.0,25.0,680.0,0.0,9.535,150.7443,270.9538,68.6891,210.0703,56.1684,43.9132,1
40.0,60.0,5.0,100.0,0.0,9.2528,40.5928,262.9036,73.1839,208.4218,56.3129,43.6241,1
40.0,60.0,5.0,1000.0,0.0,9.2565,40.5841,262.9576,73.1841,208.4273,56.3127,43.6247,1
40.0,60.0,5.0,220.0,0.0,9.2551,40.5875,262.9363,73.184,208.4251,56.3128,43.6245,1
40.0,60.0,5.0,2200.0,0.0,9.2567,40.5836,262.9609,73.1841,208.4277,56.3126,43.6247,1
40.0,60.0,5.0,47.0,0.0,9.2482,40.6168,262.7533,73.1838,208.4148,56.3087,43.6326,1
40.0,60.0,5.0,470.0,0.0,9.2561,40.5852,262.9508,73.1841,208.4266,56.3127,43.6246,1
40.0,60.0,5.0,4700.0,0.0,9.2568,40.5834,262.9623,73.1841,208.4278,56.3126,43.6247,1
40.0,60.0,5.0,680.0,0.0,9.2563,40.5846,262.9548,73.1841,208.427,56.3127,43.6246,1
40.0,80.0,10.0,100.0,0.0,15.2836,67.9855,285.1587,78.905,226.3368,56.1297,43.9906,1
40.0,80.0,10.0,1000.0,0.0,15.2874,67.9793,285.2055,78.9051,226.3428,56.1287,43.9926,1
40.0,80.0,10.0,220.0,0.0,15.2859,67.9817,285.1871,78.9051,226.3404,56.1291,43.9918,1
40.0,80.0,10.0,2200.0,0.0,15.2876,67.9789,285.2084,78.9052,226.3432,56.1286,43.9927,1
40.0,80.0,10.0,47.0,0.0,15.2788,67.9933,285.0999,78.905,226.3292,56.131,43.988,1
40.0,80.0,10.0,470.0,0.0,15.2869,67.9801,285.1997,78.9051,226.3421,56.1288,43.9923,1
40.0,80.0,10.0,4700.0,0.0,15.2877,67.9787,285.2097,78.9051,226.3433,56.1286,43.9928,1
40.0,80.0,10.0,680.0,0.0,15.2872,67.9796,285.2031,78.9051,226.3425,56.1288,43.9925,1
40.0,80.0,15.0,100.0,0.0,14.6711,97.1798,267.9182,86.0578,227.6148,56.3876,43.4749,1
40.0,80.0,15.0,1000.0,0.0,14.6748,97.1743,267.9705,86.0582,227.6209,56.3866,43.4767,1
40.0,80.0,15.0,220.0,0.0,14.6734,97.1764,267.9499,86.0581,227.6185,56.387,43.476,1
40.0,80.0,15.0,2200.0,0.0,14.6751,97.1739,267.9736,86.0582,227.6212,56.3866,43.4768,1
40.0,80.0,15.0,47.0,0.0,14.6664,97.1866,267.8528,86.0574,227.6072,56.3887,43.4725,1
40.0,80.0,15.0,470.0,0.0,14.6744,97.1749,267.9639,86.0582,227.6201,56.3868,43.4765,1
40.0,80.0,15.0,4700.0,0.0,14.6752,97.1738,267.975,86.0582,227.6214,56.3866,43.4769,1
40.0,80.0,15.0,680.0,0.0,14.6746,97.1745,267.9677,86.0582,227.6205,56.3867,43.4766,1
40.0,80.0,20.0,100.0,0.0,14.8401,122.6286,286.9037,79.6303,228.8927,56.1764,43.8972,1
40.0,80.0,20.0,1000.0,0.0,14.8478,122.6002,287.1029,79.6304,228.8988,56.1802,43.8896,1
40.0,80.0,20.0,220.0,0.0,14.8448,122.6104,287.0313,79.6303,228.8964,56.1791,43.8918,1
40.0,80.0,20.0,2200.0,0.0,14.8483,122.5993,287.11,79.6304,228.8992,56.1801,43.8897,1
40.0,80.0,20.0,47.0,0.0,14.8304,122.6664,286.6399,79.6302,228.8851,56.1709,43.9082,1
40.0,80.0,20.0,470.0,0.0,14.8468,122.6023,287.0879,79.6304,228.898,56.1803,43.8894,1
40.0,80.0,20.0,4700.0,0.0,14.8485,122.5988,287.1131,79.6304,228.8993,56.1801,43.8898,1
40.0,80.0,20.0,680.0,0.0,14.8474,122.6011,287.0969,79.6304,228.8985,56.1802,43.8895,1
40.0,80.0,25.0,100.0,0.0,15.0016,151.8451,280.1659,83.0347,225.1493,56.0488,44.1524,1
40.0,80.0,25.0,1000.0,0.0,15.0073,151.8362,280.239,83.0348,225.1553,56.0475,44.155,1
40.0,80.0,25.0,220.0,0.0,15.0051,151.8397,280.2102,83.0348,225.1529,56.048,44.154,1
40.0,80.0,25.0,2200.0,0.0,15.0077,151.8356,280.2434,83.0348,225.1556,56.0474,44.1552,1
40.0,80.0,25.0,47.0,0.0,14.9945,151.8563,280.0743,83.0345,225.1418,56.0504,44.1492,1
40.0,80.0,25.0,470.0,0.0,15.0066,151.8373,280.2298,83.0348,225.1545,56.0477,44.1547,1
40.0,80.0,25.0,4700.0,0.0,15.0078,151.8354,280.2454,83.0349,225.1558,56.0474,44.1552,1
40.0,80.0,25.0,680.0,0.0,15.007,151.8366,280.2352,83.0348,225.155,56.0476,44.1549,1
40.0,80.0,5.0,100.0,0.0,14.8761,41.446,272.2384,87.9015,223.4859,56.0838,44.0825,1
40.0,80.0,5.0,1000.0,0.0,14.8799,41.439,272.2942,87.9018,223.4918,56.0834,44.0832,1
40.0,80.0,5.0,220.0,0.0,14.8784,41.4418,272.2722,87.9016,223.4895,56.0836,44.0829,1
40.0,80.0,5.0,2200.0,0.0,14.8801,41.4386,272.2975,87.9018,223.4922,56.0834,44.0832,1
40.0,80.0,5.0,47.0,0.0,14.8713,41.4548,272.1686,87.9011,223.4784,56.0842,44.0816,1
40.0,80.0,5.0,470.0,0.0,14.8794,41.4399,272.2872,87.9017,223.4911,56.0835,44.0831,1
40.0,80.0,5.0,4700.0,0.0,14.8802,41.4384,272.299,87.9018,223.4923,56.0834,44.0832,1
40.0,80.0,5.0,680.0,0.0,14.8797,41.4394,272.2912,87.9018,223.4915,56.0834,44.0831,1
